text,text_processed,topic
"Βασίλης Κικίλιας: 
«Νούμερο 1 προορισμός η Ελλάδα για τους ταξιδιώτες από Γαλλία και Ιταλία» 

Ο υπουργός Τουρισμού επισήμανε, ότι παρά το παγκόσμιο ασταθές περιβάλλον, τα αποτελέσματα που υπάρχουν στις αφίξεις τουριστών στη χώρα μας είναι εντυπωσιακά

https://t.co/arzQCKG3DZ https://t.co/kGhr1hCAgb",βασιλησ κικιλιασ νουμερο προορισμοσ η ελλαδα για τουσ ταξιδιωτεσ απο γαλλια και ιταλια ο υπουργοσ τουρισμου επισημανε οτι παρα το παγκοσμιο ασταθεσ περιβαλλον τα αποτελεσματα που υπαρχουν στισ αφιξεισ τουριστων στη χωρα μασ ειναι εντυπωσιακα,1
"«Η Ελλάδα είναι φέτος ο νούμερο 1 προορισμός για τους ταξιδιώτες από Γαλλία και Ιταλία» ανέφερε ο υπουργός Τουρισμού Βασίλης Κικίλιας μιλώντας στον τηλεοπτικό σταθμό Open, επισημαίνοντας ότι -παρά το παγκόσμιο ασταθές περιβάλλον- τα εντυπωσιακά

https://t.co/ttKZ0oG5DQ",η ελλαδα ειναι φετοσ ο νουμερο προορισμοσ για τουσ ταξιδιωτεσ απο γαλλια και ιταλια ανεφερε ο υπουργοσ τουρισμου βασιλησ κικιλιασ μιλωντασ στον τηλεοπτικο σταθμο open επισημαινοντασ οτι παρα το παγκοσμιο ασταθεσ περιβαλλον τα εντυπωσιακα,1
«Ο λαγοκέφαλος και τοξικά είδη ψαριών απειλούν την αλιεία και το θαλάσσιο περιβάλλον στο Αιγαίο» #Δημοκρατική #Ρόδος #Δωδεκάνησα https://t.co/QiNkPQ3DL8,ο λαγοκεφαλοσ και τοξικα ειδη ψαριων απειλουν την αλιεια και το θαλασσιο περιβαλλον στο αιγαιο δημοκρατικη ροδοσ δωδεκανησα,1
Κλιματική αλλαγή: Η ΕΕ προειδοποιεί για καλοκαίρι φωτιάς και στάχτης #Δημοκρατική #Ρόδος #Δωδεκάνησα https://t.co/BYTOeSb1ai,κλιματικη αλλαγη η εε προειδοποιει για καλοκαιρι φωτιασ και σταχτησ δημοκρατικη ροδοσ δωδεκανησα,1
Ανανεώσιμες Πηγές Ενέργειας: Το νέο Χωροταξικό για τα αιολικά πάρκα – Ολο το σχέδιο #Δημοκρατική #Ρόδος #Δωδεκάνησα https://t.co/30pNB64msv,ανανεωσιμεσ πηγεσ ενεργειασ το νεο χωροταξικο για τα αιολικα παρκα ολο το σχεδιο δημοκρατικη ροδοσ δωδεκανησα,1
"Ο κ. Κικίλιας αναφέρθηκε στον μεγάλο στόχο της επιμήκυνσης της τουριστικής περιόδου και τους δώδεκα μήνες τον χρόνο, προαναγγέλλοντας μάλιστα ότι η επόμενη καμπάνια για τον βιώσιμο τουρισμό -που αποτελεί, όπως επισήμανε, τη νέα ισχυρή τάση στο τουριστικό… https://t.co/ZXz2D1AR6F",ο κ κικιλιασ αναφερθηκε στον μεγαλο στοχο τησ επιμηκυνσησ τησ τουριστικησ περιοδου και τουσ δωδεκα μηνεσ τον χρονο προαναγγελλοντασ μαλιστα οτι η επομενη καμπανια για τον βιωσιμο τουρισμο που αποτελει οπωσ επισημανε τη νεα ισχυρη ταση στο τουριστικο,1
Το Περιφερειακό Σχέδιο για την Προσαρμογή στην κλιματική αλλαγή της ΠΝΑι (ΠεΣΠΚΑ) #Δημοκρατική #Ρόδος #Δωδεκάνησα https://t.co/dDgINTU7MU,το περιφερειακο σχεδιο για την προσαρμογη στην κλιματικη αλλαγη τησ πναι πεσπκα δημοκρατικη ροδοσ δωδεκανησα,1
Η Έλενα Κουντουρά ομιλήτρια-συντονίστρια της συζήτησης για τον βιώσιμο τουρισμό στο Asian Leadership Conference-2022 https://t.co/b132S1I6Nk #ΕΛΕΝΑΚΟΥΝΤΟΥΡΑ,η ελενα κουντουρα ομιλητριασυντονιστρια τησ συζητησησ για τον βιωσιμο τουρισμο στο asian leadership conference ελενακουντουρα,1
Πώς μπορεί η βιώσιμη ανάπτυξη να γίνει μέρος της καθημερινότητας; – Συνέδριο στη Νίσυρο #Δημοκρατική #Ρόδος #Δωδεκάνησα https://t.co/Y26eZW4FFe,πωσ μπορει η βιωσιμη αναπτυξη να γινει μεροσ τησ καθημερινοτητασ συνεδριο στη νισυρο δημοκρατικη ροδοσ δωδεκανησα,1
Ίδρυμα Αντενάουερ: H Aστυπάλαια σημαντικό παράδειγμα των προσπαθειών για καινοτομία και πράσινη ενέργεια #Δημοκρατική #Ρόδος #Δωδεκάνησα https://t.co/iYRJ4HLnr5,ιδρυμα αντεναουερ h aστυπαλαια σημαντικο παραδειγμα των προσπαθειων για καινοτομια και πρασινη ενεργεια δημοκρατικη ροδοσ δωδεκανησα,1
Νικητιάδης απο Αστυπάλαια: Η βιώσιμη ανάπτυξη σημαντικό εργαλείο για τον τουρισμό #Δημοκρατική #Ρόδος #Δωδεκάνησα https://t.co/ROXq2QtJqH,νικητιαδησ απο αστυπαλαια η βιωσιμη αναπτυξη σημαντικο εργαλειο για τον τουρισμο δημοκρατικη ροδοσ δωδεκανησα,1
Ζερεφός για κλιματική αλλαγή: Αύξηση μέσης θερμοκρασίας και μείωση βροχοπτώσεων στην Ελλάδα #Δημοκρατική #Ρόδος #Δωδεκάνησα https://t.co/I3KBKvlhRQ,ζερεφοσ για κλιματικη αλλαγη αυξηση μεσησ θερμοκρασιασ και μειωση βροχοπτωσεων στην ελλαδα δημοκρατικη ροδοσ δωδεκανησα,1
"Εκμεταλλευόμενοι το ασταθές διεθνές περιβάλλον, οι Τούρκοι απασφάλισαν πλήρως
#τουρκια
https://t.co/urWLAjqlMN",εκμεταλλευομενοι το ασταθεσ διεθνεσ περιβαλλον οι τουρκοι απασφαλισαν πληρωσ τουρκια,1
Λέκκας: Έχουμε εξελισσόμενη κλιματική κρίση – Τα φαινόμενα θα αυξηθούν σε συχνότητα και ένταση #Δημοκρατική #Ρόδος #Δωδεκάνησα https://t.co/7qqCz1gNgH,λεκκασ εχουμε εξελισσομενη κλιματικη κριση τα φαινομενα θα αυξηθουν σε συχνοτητα και ενταση δημοκρατικη ροδοσ δωδεκανησα,1
Η Ρόδος και η πορεία προς τον βιώσιμο τουρισμό #Δημοκρατική #Ρόδος #Δωδεκάνησα https://t.co/Cg34lKAu2f,η ροδοσ και η πορεια προσ τον βιωσιμο τουρισμο δημοκρατικη ροδοσ δωδεκανησα,1
"Εγκρίθηκε από την ΕΕ το πρόγραμμα 3,6 δισ. ευρώ του νέου ΕΣΠΑ «Περιβάλλον και Κλιματική Αλλαγή 2021-27» #Δημοκρατική #Ρόδος #Δωδεκάνησα https://t.co/GL9oB9H6oW",εγκριθηκε απο την εε το προγραμμα δισ ευρω του νεου εσπα περιβαλλον και κλιματικη αλλαγη δημοκρατικη ροδοσ δωδεκανησα,1
".@joikonomou: 
«Η Ελλάδα εξακολουθεί να αναπτύσσεται δυναμικά παρά τις αβεβαιότητες στο διεθνές περιβάλλον»

https://t.co/wQji95kZkD",joikonomou η ελλαδα εξακολουθει να αναπτυσσεται δυναμικα παρα τισ αβεβαιοτητεσ στο διεθνεσ περιβαλλον,1
Σοφία Παυλίδου: «Το υποστηρικτικό οικογενειακό περιβάλλον μπορεί να βοηθήσει τους μαθητές να ξεπεράσουν το #Δημοκρατική #Ρόδος #Δωδεκάνησα https://t.co/c0N9iF0fdY,σοφια παυλιδου το υποστηρικτικο οικογενειακο περιβαλλον μπορει να βοηθησει τουσ μαθητεσ να ξεπερασουν το δημοκρατικη ροδοσ δωδεκανησα,1
Η κλιματική αλλαγή πάει σχολείο #Δημοκρατική #Ρόδος #Δωδεκάνησα https://t.co/ep2aou5nBk,η κλιματικη αλλαγη παει σχολειο δημοκρατικη ροδοσ δωδεκανησα,1
Κικίλιας: Ο βιώσιμος τουρισμός στο επίκεντρο της νέας και μεγάλης καμπάνιας του ΕΟΤ https://t.co/jLKfcv3XUG,κικιλιασ ο βιωσιμοσ τουρισμοσ στο επικεντρο τησ νεασ και μεγαλησ καμπανιασ του εοτ,1
Κικίλιας: Ο βιώσιμος τουρισμός στο επίκεντρο της νέας μεγάλης καμπάνιας του ΕΟΤ https://t.co/DpeitZiUXL,κικιλιασ ο βιωσιμοσ τουρισμοσ στο επικεντρο τησ νεασ μεγαλησ καμπανιασ του εοτ,1
"Κικίλιας: Ο βιώσιμος τουρισμός στο επίκεντρο της νέας και μεγάλης καμπάνιας του ΕΟΤ

https://t.co/WPtgJC0XqI",κικιλιασ ο βιωσιμοσ τουρισμοσ στο επικεντρο τησ νεασ και μεγαλησ καμπανιασ του εοτ,1
Ο βιώσιμος τουρισμός στο επίκεντρο της νέας μεγάλης καμπάνιας... https://t.co/5LFPPAhjCv,ο βιωσιμοσ τουρισμοσ στο επικεντρο τησ νεασ μεγαλησ καμπανιασ,1
RT @Moneypressgr: JUMBO: Θετικό μήνυμα από τα αποτελέσματα 6μήνου - Το ασταθές περιβάλλον παραμένει  #moneypress https://t.co/8mWD1SWa7p,rt moneypressgr jumbo θετικο μηνυμα απο τα αποτελεσματα μηνου το ασταθεσ περιβαλλον παραμενει moneypress,1
JUMBO: Θετικό μήνυμα από τα αποτελέσματα 6μήνου - Το ασταθές περιβάλλον παραμένει  #moneypress https://t.co/8mWD1SWa7p,jumbo θετικο μηνυμα απο τα αποτελεσματα μηνου το ασταθεσ περιβαλλον παραμενει moneypress,1
[Κλικ και διαβάστε στο NewsIt] #Βασίλης  #Κικίλιας: Ο βιώσιμος τουρισμός στο επίκεντρο της νέας μεγάλης καμπάνιας του ΕΟΤ https://t.co/VEWBYYRqbz,κλικ και διαβαστε στο newsit βασιλησ κικιλιασ ο βιωσιμοσ τουρισμοσ στο επικεντρο τησ νεασ μεγαλησ καμπανιασ του εοτ,1
RT @LykavitosGr: JUMBO: Θετικό μήνυμα από τα αποτελέσματα 6μήνου - Το ασταθές περιβάλλον παραμένει  #Jumbo #αποτελεσματα https://t.co/FgDmr…,rt lykavitosgr jumbo θετικο μηνυμα απο τα αποτελεσματα μηνου το ασταθεσ περιβαλλον παραμενει jumbo αποτελεσματα,1
RT @LykavitosGr: JUMBO: Θετικό μήνυμα από τα αποτελέσματα 6μήνου - Το ασταθές περιβάλλον παραμένει  #Jumbo #αποτελεσματα https://t.co/FgDmr…,rt lykavitosgr jumbo θετικο μηνυμα απο τα αποτελεσματα μηνου το ασταθεσ περιβαλλον παραμενει jumbo αποτελεσματα,1
Κικίλιας: Ο βιώσιμος τουρισμός στο επίκεντρο της καμπάνιας του ΕΟΤ #Δημοκρατική #Ρόδος #Δωδεκάνησα https://t.co/rFmKFG0D23,κικιλιασ ο βιωσιμοσ τουρισμοσ στο επικεντρο τησ καμπανιασ του εοτ δημοκρατικη ροδοσ δωδεκανησα,1
Κικίλιας: Ο βιώσιμος τουρισμός στο επίκεντρο της νέας μεγάλης καμπάνιας του ΕΟΤ https://t.co/ynj0od9PV0,κικιλιασ ο βιωσιμοσ τουρισμοσ στο επικεντρο τησ νεασ μεγαλησ καμπανιασ του εοτ,1
Κικίλιας: Ο βιώσιμος τουρισμός στο επίκεντρο της νέας καμπάνιας του ΕΟΤ - https://t.co/Sb3xjcqYTB https://t.co/7wyw77XsND,κικιλιασ ο βιωσιμοσ τουρισμοσ στο επικεντρο τησ νεασ καμπανιασ του εοτ,1
[https://t.co/bDHZLmoC6L] #Κικίλιας:  «Ο βιώσιμος τουρισμός στο επίκεντρο της νέας μεγάλης καμπάνιας του ΕΟΤ» https://t.co/sisp0vRLhS,κικιλιασ ο βιωσιμοσ τουρισμοσ στο επικεντρο τησ νεασ μεγαλησ καμπανιασ του εοτ,1
Κικίλιας: Ο βιώσιμος τουρισμός στο επίκεντρο της νέας μεγάλης καμπάνιας του ΕΟΤ https://t.co/pBuvBoWLq0 #businessnewsgr,κικιλιασ ο βιωσιμοσ τουρισμοσ στο επικεντρο τησ νεασ μεγαλησ καμπανιασ του εοτ businessnewsgr,1
Κικίλιας: Ο βιώσιμος τουρισμός στο επίκεντρο της νέας καμπάνιας του ΕΟΤ - Η Ελλάδα πρωτοπόρος στην επιτάχυνση της πράσινης μετάβασης https://t.co/n52xvaoNy9,κικιλιασ ο βιωσιμοσ τουρισμοσ στο επικεντρο τησ νεασ καμπανιασ του εοτ η ελλαδα πρωτοποροσ στην επιταχυνση τησ πρασινησ μεταβασησ,1
Βασίλης Κικίλιας: «Ο βιώσιμος τουρισμός στο επίκεντρο της νέας μεγάλης καμπάνιας του ΕΟΤ»  https://t.co/Wea3NpGUKa,βασιλησ κικιλιασ ο βιωσιμοσ τουρισμοσ στο επικεντρο τησ νεασ μεγαλησ καμπανιασ του εοτ,1
Κικίλιας: «Ο βιώσιμος τουρισμός στο επίκεντρο της νέας μεγάλης καμπάνιας του ΕΟΤ» https://t.co/l3ZHUK47Yg,κικιλιασ ο βιωσιμοσ τουρισμοσ στο επικεντρο τησ νεασ μεγαλησ καμπανιασ του εοτ,1
Jumbo: Θετικό μήνυμα από τα αποτελέσματα 6μήνου – το ασταθές περιβάλλον παραμένει https://t.co/EpBVKXEZ3J,jumbo θετικο μηνυμα απο τα αποτελεσματα μηνου το ασταθεσ περιβαλλον παραμενει,1
Κικίλιας: Επεκτείνεται η τουριστική περίοδος – Βάσεις για βιώσιμο τουριστικό μοντέλο όλο το χρόνο https://t.co/PZpv384ZBJ,κικιλιασ επεκτεινεται η τουριστικη περιοδοσ βασεισ για βιωσιμο τουριστικο μοντελο ολο το χρονο,1
Η Έλενα Κουντουρά προσκεκλημένη ομιλήτρια στο Πανεπιστήμιο της Σεούλ για τον βιώσιμο τουρισμό ⋆ TirnavosPress https://t.co/kmETEb4iH2,η ελενα κουντουρα προσκεκλημενη ομιλητρια στο πανεπιστημιο τησ σεουλ για τον βιωσιμο τουρισμο tirnavospress,1
Η Έλενα Κουντουρά προσκεκλημένη ομιλήτρια στο Πανεπιστήμιο της Σεούλ για τον βιώσιμο τουρισμό https://t.co/WGqrgdcmai,η ελενα κουντουρα προσκεκλημενη ομιλητρια στο πανεπιστημιο τησ σεουλ για τον βιωσιμο τουρισμο,1
Γ. Ρέτσος (ΣΕΤΕ): Οι στόχοι για ένα βιώσιμο μοντέλο στρατηγικής ανάπτυξης του ελληνικού τουρισμού https://t.co/Ob8CqiZiJF,γ ρετσοσ σετε οι στοχοι για ενα βιωσιμο μοντελο στρατηγικησ αναπτυξησ του ελληνικου τουρισμου,1
"Ινστιτούτο Elcano: Η λιτότητα σε Ελλάδα και Ευρωζώνη δεν είναι βιώσιμη, αλλά το όραμα της Γερμανίας θα παίξει θεμελιώδη ρόλο https://t.co/4Z7FP8B7Ng",ινστιτουτο elcano η λιτοτητα σε ελλαδα και ευρωζωνη δεν ειναι βιωσιμη αλλα το οραμα τησ γερμανιασ θα παιξει θεμελιωδη ρολο,1
"Ινστιτούτο Elcano: Η λιτότητα σε Ελλάδα και Ευρωζώνη δεν είναι βιώσιμη, αλλά το όραμα της Γερμανίας θα παίξει θεμελιώδη ρόλο https://t.co/lw6s9ZlvjS",ινστιτουτο elcano η λιτοτητα σε ελλαδα και ευρωζωνη δεν ειναι βιωσιμη αλλα το οραμα τησ γερμανιασ θα παιξει θεμελιωδη ρολο,1
"Ινστιτούτο Elcano: Η λιτότητα σε Ελλάδα και Ευρωζώνη δεν είναι βιώσιμη, αλλά το όραμα της Γερμανίας θα παίξει θεμελιώδη ρόλο https://t.co/RApFnGhTRO",ινστιτουτο elcano η λιτοτητα σε ελλαδα και ευρωζωνη δεν ειναι βιωσιμη αλλα το οραμα τησ γερμανιασ θα παιξει θεμελιωδη ρολο,1
"Ινστιτούτο Elcano: Η λιτότητα σε Ελλάδα και Ευρωζώνη δεν είναι βιώσιμη, αλλά το όραμα της Γερμανίας θα παίξει θεμελιώδη ρόλο https://t.co/J8z5vDBgsB",ινστιτουτο elcano η λιτοτητα σε ελλαδα και ευρωζωνη δεν ειναι βιωσιμη αλλα το οραμα τησ γερμανιασ θα παιξει θεμελιωδη ρολο,1
"Ινστιτούτο Elcano: Η λιτότητα σε Ελλάδα και Ευρωζώνη δεν είναι βιώσιμη, αλλά το όραμα της Γερμανίας θα παίξει θεμελιώδη ρόλο https://t.co/tcBIxjFPNU",ινστιτουτο elcano η λιτοτητα σε ελλαδα και ευρωζωνη δεν ειναι βιωσιμη αλλα το οραμα τησ γερμανιασ θα παιξει θεμελιωδη ρολο,1
"Ινστιτούτο Elcano: Η λιτότητα σε Ελλάδα και Ευρωζώνη δεν είναι βιώσιμη, αλλά το όραμα της Γερμανίας θα παίξει θεμελιώδη ρόλο https://t.co/km945Ug53O",ινστιτουτο elcano η λιτοτητα σε ελλαδα και ευρωζωνη δεν ειναι βιωσιμη αλλα το οραμα τησ γερμανιασ θα παιξει θεμελιωδη ρολο,1
Γ. Ρέτσος: Παγκόσμια Ημέρα Τουρισμού – Οι στόχοι για ένα βιώσιμο μοντέλο στρατηγικής ανάπτυξης του #Δημοκρατική #Ρόδος #Δωδεκάνησα https://t.co/YgZGhguvKM,γ ρετσοσ παγκοσμια ημερα τουρισμου οι στοχοι για ενα βιωσιμο μοντελο στρατηγικησ αναπτυξησ του δημοκρατικη ροδοσ δωδεκανησα,1
Γιάννης Ρέτσος: Οι στόχοι για ένα βιώσιμο μοντέλο στρατηγικής ανάπτυξης του ελληνικού τουρισμού https://t.co/sqAafo7iJm,γιαννησ ρετσοσ οι στοχοι για ενα βιωσιμο μοντελο στρατηγικησ αναπτυξησ του ελληνικου τουρισμου,1
Γεωργαντάς: Στηρίζουμε τον κλάδο της ελιάς απέναντι στην κλιματική κρίση https://t.co/mQZIErGIxH,γεωργαντασ στηριζουμε τον κλαδο τησ ελιασ απεναντι στην κλιματικη κριση,1
Γ. Γεωργαντάς: Στηρίζουμε τον κλάδο της ελιάς απέναντι στην κλιματική κρίση https://t.co/JerG5q9Q7v,γ γεωργαντασ στηριζουμε τον κλαδο τησ ελιασ απεναντι στην κλιματικη κριση,1
Ίδρυμα Χατζηγάκη: Εκπαιδευτικές Δραστηριότητες για το Περιβάλλον σε 6 Ακριτικά Νησιά – Πρώτος σταθμός το #Δημοκρατική #Ρόδος #Δωδεκάνησα https://t.co/Kv9hQH272N,ιδρυμα χατζηγακη εκπαιδευτικεσ δραστηριοτητεσ για το περιβαλλον σε ακριτικα νησια πρωτοσ σταθμοσ το δημοκρατικη ροδοσ δωδεκανησα,1
Σταϊκούρας: Θα συνεχιστούν τα μέτρα στήριξης παρά το δυσμενές περιβάλλον #Δημοκρατική #Ρόδος #Δωδεκάνησα https://t.co/5OeeJVy1QT,σταϊκουρασ θα συνεχιστουν τα μετρα στηριξησ παρα το δυσμενεσ περιβαλλον δημοκρατικη ροδοσ δωδεκανησα,1
Σταϊκούρας: Θα συνεχιστούν τα μέτρα στήριξης παρά το δυσμενές περιβάλλον - https://t.co/IMdcJ25ghm https://t.co/9kbDvwj8hs,σταϊκουρασ θα συνεχιστουν τα μετρα στηριξησ παρα το δυσμενεσ περιβαλλον,1
Σταϊκούρας: Θα συνεχιστούν τα μέτρα στήριξης παρά το δυσμενές περιβάλλον (ΗΧΗΤΙΚΟ) - https://t.co/eiOPQNARjS https://t.co/bQt2yEebPc #Σταϊκούρας,σταϊκουρασ θα συνεχιστουν τα μετρα στηριξησ παρα το δυσμενεσ περιβαλλον ηχητικο σταϊκουρασ,1
Χ. Σταϊκούρας: Θα συνεχιστούν τα μέτρα στήριξης παρά το δυσμενές περιβάλλον https://t.co/Xe8ZZhAP97,χ σταϊκουρασ θα συνεχιστουν τα μετρα στηριξησ παρα το δυσμενεσ περιβαλλον,1
«Θωράκιση» της ελιάς απέναντι στην κλιματική κρίση https://t.co/Huu8rgvNfA,θωρακιση τησ ελιασ απεναντι στην κλιματικη κριση,1
Κικίλιας: Τα ταξιδωτικά έσοδα στηρίζουν τα ελληνικά νοικοκυριά-Επόμενη καμπάνια ο βιώσιμος τουρισμός - https://t.co/LlfcDmYNwR https://t.co/2eI6BGHCcb,κικιλιασ τα ταξιδωτικα εσοδα στηριζουν τα ελληνικα νοικοκυριαεπομενη καμπανια ο βιωσιμοσ τουρισμοσ,1
Αντ. Καμπουράκης: «Εξασφαλίσαμε τη βιώσιμη λειτουργία της ΕΤΑΙΠΡΟΦΥΚΑ. Κλείνει μια εκκρεμότητα χρόνων για #Δημοκρατική #Ρόδος #Δωδεκάνησα https://t.co/KX3WleT7cd,αντ καμπουρακησ εξασφαλισαμε τη βιωσιμη λειτουργια τησ εταιπροφυκα κλεινει μια εκκρεμοτητα χρονων για δημοκρατικη ροδοσ δωδεκανησα,1
Κικίλιας στη Le Monde: Ο βιώσιμος τουρισμός στο επίκεντρο της επόμενης καμπάνιας #Δημοκρατική #Ρόδος #Δωδεκάνησα https://t.co/rV3fejaXiB,κικιλιασ στη le monde ο βιωσιμοσ τουρισμοσ στο επικεντρο τησ επομενησ καμπανιασ δημοκρατικη ροδοσ δωδεκανησα,1
Κικίλιας στη Le Monde: Ο βιώσιμος τουρισμός στο επίκεντρο της επόμενης καμπάνιας https://t.co/W3h2DZdhQR,κικιλιασ στη le monde ο βιωσιμοσ τουρισμοσ στο επικεντρο τησ επομενησ καμπανιασ,1
Β. Κικίλιας: «Η επόμενη τουριστική καμπάνια θα επικεντρωθεί στον βιώσιμο τουρισμό» https://t.co/ubtGarL870,β κικιλιασ η επομενη τουριστικη καμπανια θα επικεντρωθει στον βιωσιμο τουρισμο,1
«Η επόμενη τουριστική καμπάνια θα επικεντρωθεί στον βιώσιμο τουρισμό» https://t.co/z2KswiI93a,η επομενη τουριστικη καμπανια θα επικεντρωθει στον βιωσιμο τουρισμο,1
ΕΟΤ - Κυκλάδες: Οι βρετανοί γνωρίζουν τα νησιά που επενδύουν στον βιώσιμο τουρισμό https://t.co/WcrEydB541,εοτ κυκλαδεσ οι βρετανοι γνωριζουν τα νησια που επενδυουν στον βιωσιμο τουρισμο,1
ΑΠΕ: Για πρώτη φορά η Ελλάδα ηλεκτροδοτήθηκε κατά 100% από «πράσινη» ενέργεια #Δημοκρατική #Ρόδος #Δωδεκάνησα https://t.co/geRwm0xuLj,απε για πρωτη φορα η ελλαδα ηλεκτροδοτηθηκε κατα απο πρασινη ενεργεια δημοκρατικη ροδοσ δωδεκανησα,1
ΕΟΤ:  Οι βρετανοί απέκτησαν πλατφόρμα για τον βιώσιμο τουρισμό στην Ελλάδα https://t.co/WvJGI4O5F5,εοτ οι βρετανοι απεκτησαν πλατφορμα για τον βιωσιμο τουρισμο στην ελλαδα,1
ΕΟΤ: Οι βρετανοί απέκτησαν πλατφόρμα για τον βιώσιμο τουρισμό στην Ελλάδα https://t.co/bwPQjKxhYk,εοτ οι βρετανοι απεκτησαν πλατφορμα για τον βιωσιμο τουρισμο στην ελλαδα,1
ΕΟΤ: Παρουσίαση στην βρετανική αγορά πλατφόρμας για τον βιώσιμο τουρισμό στην Ελλάδα https://t.co/gYMSyFhgWY,εοτ παρουσιαση στην βρετανικη αγορα πλατφορμασ για τον βιωσιμο τουρισμο στην ελλαδα,1
Σταϊκούρας: Η Ελλάδα έχει χτίσει ισχυρές γραμμές άμυνας απέναντι σε ένα δυσμενές διεθνές περιβάλλον https://t.co/kRI2rGghHa,σταϊκουρασ η ελλαδα εχει χτισει ισχυρεσ γραμμεσ αμυνασ απεναντι σε ενα δυσμενεσ διεθνεσ περιβαλλον,1
Χρ. Σταϊκούρας – Σύνοδος ΔΝΤ: Χτίσαμε ισχυρές αμυντικές γραμμές απέναντι σε δυσμενές διεθνές περιβάλλον - https://t.co/eiOPQNARjS https://t.co/VmIyM2Up9A #Χρήστος_Σταϊκούρας #Σύνοδος #ΔΝΤ #Αμυντικές_γραμμές,χρ σταϊκουρασ συνοδοσ δντ χτισαμε ισχυρεσ αμυντικεσ γραμμεσ απεναντι σε δυσμενεσ διεθνεσ περιβαλλον χρηστοσ_σταϊκουρασ συνοδοσ δντ αμυντικεσ_γραμμεσ,1
"Σταϊκούρας στη Σύνοδο του ΔΝΤ: Η Ελλάδα έχει χτίσει ισχυρές γραμμές άμυνας απέναντι σε ένα δυσμενές διεθνές περιβάλλον,
https://t.co/EvzYIjTCcb,",σταϊκουρασ στη συνοδο του δντ η ελλαδα εχει χτισει ισχυρεσ γραμμεσ αμυνασ απεναντι σε ενα δυσμενεσ διεθνεσ περιβαλλον,1
Χρ. Σταϊκούρας – Σύνοδος ΔΝΤ: Χτίσαμε ισχυρές αμυντικές γραμμές απέναντι σε δυσμενές διεθνές περιβάλλον https://t.co/5kOt04WO0e,χρ σταϊκουρασ συνοδοσ δντ χτισαμε ισχυρεσ αμυντικεσ γραμμεσ απεναντι σε δυσμενεσ διεθνεσ περιβαλλον,1
Πώς η Ελλάδα έχτισε ισχυρές γραμμές άμυνας απέναντι σε δυσμενές διεθνές περιβάλλον παρουσίασε στο ΔΝΤ ο Σταϊκούρας https://t.co/qNFDRuTH1z,πωσ η ελλαδα εχτισε ισχυρεσ γραμμεσ αμυνασ απεναντι σε δυσμενεσ διεθνεσ περιβαλλον παρουσιασε στο δντ ο σταϊκουρασ,1
"Χρ. Σταϊκούρας στη Σύνοδο του #ΔΝΤ: Η Ελλάδα έχει χτίσει ισχυρές γραμμές άμυνας απέναντι σε ένα δυσμενές διεθνές περιβάλλον 

https://t.co/qoqISbsOSA",χρ σταϊκουρασ στη συνοδο του δντ η ελλαδα εχει χτισει ισχυρεσ γραμμεσ αμυνασ απεναντι σε ενα δυσμενεσ διεθνεσ περιβαλλον,1
"Κικίλιας: «Έργα υποδομής, πράσινη οικονομία και καμπάνια για τον βιώσιμο τουρισμό» - https://t.co/9I99AKnLPL https://t.co/rttGKiAo07",κικιλιασ εργα υποδομησ πρασινη οικονομια και καμπανια για τον βιωσιμο τουρισμο,1
Κικίλιας: «Έργα υποδομής και καμπάνια για τον βιώσιμο τουρισμό» https://t.co/40E5XqC6O7,κικιλιασ εργα υποδομησ και καμπανια για τον βιωσιμο τουρισμο,1
"Β. Κικίλιας: Έργα υποδομής, πράσινη οικονομία και καμπάνια για τον βιώσιμο τουρισμό https://t.co/fJV7sTNA2Z",β κικιλιασ εργα υποδομησ πρασινη οικονομια και καμπανια για τον βιωσιμο τουρισμο,1
Κικίλιας: Αναβαθμίζουμε το brand της Σκύρου στο πλαίσιο της στρατηγικής μας για βιώσιμο τουρισμό https://t.co/f4qwlHpGh7,κικιλιασ αναβαθμιζουμε το brand τησ σκυρου στο πλαισιο τησ στρατηγικησ μασ για βιωσιμο τουρισμο,1
"Βασίλης Κικίλιας από Σκύρο: Αναβαθμιζουμε το brand της Σκύρου στο πλαίσιο της στρατηγικής μας για βιώσιμο τουρισμό"" https://t.co/g83wavUqRs https://t.co/HFXqQmvdkZ",βασιλησ κικιλιασ απο σκυρο αναβαθμιζουμε το brand τησ σκυρου στο πλαισιο τησ στρατηγικησ μασ για βιωσιμο τουρισμο,1
Κικίλιας: Αναβαθμίζουμε το brand της Σκύρου στο πλαίσιο της στρατηγικής μας για βιώσιμο τουρισμό - https://t.co/76bXnMX9Pv https://t.co/azYLYnfS8w,κικιλιασ αναβαθμιζουμε το brand τησ σκυρου στο πλαισιο τησ στρατηγικησ μασ για βιωσιμο τουρισμο,1
Φάρμα Ρόδου: Δωρεάν είσοδος στις 30 Οκτωβρίου με Φεστιβάλ για το Περιβάλλον #Δημοκρατική #Ρόδος #Δωδεκάνησα https://t.co/mZTPkfnREt,φαρμα ροδου δωρεαν εισοδοσ στισ οκτωβριου με φεστιβαλ για το περιβαλλον δημοκρατικη ροδοσ δωδεκανησα,1
Ινστιτούτο ΕΝΑ: Ο ελληνικός τουρισμός απέναντι στην κλιματική αλλαγή https://t.co/wLwXWK7tA3,ινστιτουτο ενα ο ελληνικοσ τουρισμοσ απεναντι στην κλιματικη αλλαγη,1
Ινστιτούτο ΕΝΑ: Ο ελληνικός τουρισμός απέναντι στην κλιματική αλλαγή - Κίνδυνοι και προκλήσεις - https://t.co/uwpuqNxVMO https://t.co/pn6BVrKv5r,ινστιτουτο ενα ο ελληνικοσ τουρισμοσ απεναντι στην κλιματικη αλλαγη κινδυνοι και προκλησεισ,1
Εκδήλωση με θέμα Βιώσιμος Τουρισμός στα νησιά του Αιγαίου #Δημοκρατική #Ρόδος #Δωδεκάνησα https://t.co/KbI8buHDzT,εκδηλωση με θεμα βιωσιμοσ τουρισμοσ στα νησια του αιγαιου δημοκρατικη ροδοσ δωδεκανησα,1
Κικίλιας για Common Seas: H Ελλάδα στην πρωτοπορία της Ευρώπης για τον βιώσιμο τουρισμό https://t.co/HW4GRrcZoC,κικιλιασ για common seas h ελλαδα στην πρωτοπορια τησ ευρωπησ για τον βιωσιμο τουρισμο,1
Κικίλιας: H Ελλάδα στην πρωτοπορία της Ευρώπης για τον βιώσιμο τουρισμό https://t.co/t5bUwXxnk6 #businessnewsgr,κικιλιασ h ελλαδα στην πρωτοπορια τησ ευρωπησ για τον βιωσιμο τουρισμο businessnewsgr,1
Κικίλιας για συμφωνία με Common Seas: “H Ελλάδα στην πρωτοπορία της Ευρώπης για τον βιώσιμο τουρισμό” https://t.co/hhzBS09NrL,κικιλιασ για συμφωνια με common seas h ελλαδα στην πρωτοπορια τησ ευρωπησ για τον βιωσιμο τουρισμο,1
"Βασίλης Κικίλιας για συμφωνία με Common Seas: ""H Ελλάδα στην πρωτοπορία της Ευρώπης για τον βιώσιμο τουρισμό"" https://t.co/ks2Qz98wG3 https://t.co/gGXIgJtIxV",βασιλησ κικιλιασ για συμφωνια με common seas h ελλαδα στην πρωτοπορια τησ ευρωπησ για τον βιωσιμο τουρισμο,1
Βασίλης Κικίλιας για συμφωνία με Common Seas: “H Ελλάδα στην πρωτοπορία της Ευρώπης για τον βιώσιμο τουρισμό” - https://t.co/H0lA9DYL8y,βασιλησ κικιλιασ για συμφωνια με common seas h ελλαδα στην πρωτοπορια τησ ευρωπησ για τον βιωσιμο τουρισμο,1
Σταϊκούρας: Η κλιματική αλλαγή μπορεί να πλήξει τους κρατικούς προϋπολογισμούς #Δημοκρατική #Ρόδος #Δωδεκάνησα https://t.co/TxCOu5u5r1,σταϊκουρασ η κλιματικη αλλαγη μπορει να πληξει τουσ κρατικουσ προϋπολογισμουσ δημοκρατικη ροδοσ δωδεκανησα,1
"Κικίλιας: H Ελλάδα στην πρωτοπορία της Ευρώπης για τον βιώσιμο τουρισμό με τις δράσεις σε Ρόδο, Αστυπάλαια, #Δημοκρατική #Ρόδος #Δωδεκάνησα https://t.co/0BgPdlU7Yv",κικιλιασ h ελλαδα στην πρωτοπορια τησ ευρωπησ για τον βιωσιμο τουρισμο με τισ δρασεισ σε ροδο αστυπαλαια δημοκρατικη ροδοσ δωδεκανησα,1
Η Φινλανδία ως ο πιο βιώσιμος προορισμός της Ευρώπης για αγορές https://t.co/n4oiHCjPO7 #aystria #voreiaeyropi #dania #malta,η φινλανδια ωσ ο πιο βιωσιμοσ προορισμοσ τησ ευρωπησ για αγορεσ aystria voreiaeyropi dania malta,1
Η Φινλανδία είναι Νο1 βιώσιμος προορισμός της Ευρώπης για αγορές – Μεγάλη βελτίωση για την Ελλάδα https://t.co/kWvffrZ3jT,η φινλανδια ειναι νο βιωσιμοσ προορισμοσ τησ ευρωπησ για αγορεσ μεγαλη βελτιωση για την ελλαδα,1
Η Φινλανδία είναι ο πιο βιώσιμος προορισμός της Ευρώπης για αγορές https://t.co/GlPHdgkVEl,η φινλανδια ειναι ο πιο βιωσιμοσ προορισμοσ τησ ευρωπησ για αγορεσ,1
"#PraktoreioLife 
Η #Φινλανδία ο πιο βιώσιμος προορισμός της Ευρώπης για αγορές

https://t.co/FdxYNi3877 https://t.co/ETFIpO3b8J",praktoreiolife η φινλανδια ο πιο βιωσιμοσ προορισμοσ τησ ευρωπησ για αγορεσ,1
Παπαθανάσης: Προτεραιότητα η πράσινη και βιώσιμη ανάπτυξη των νησιών #Δημοκρατική #Ρόδος #Δωδεκάνησα https://t.co/gnP8HUy3s8,παπαθανασησ προτεραιοτητα η πρασινη και βιωσιμη αναπτυξη των νησιων δημοκρατικη ροδοσ δωδεκανησα,1
Η Έλενα Κουντουρά ομιλήτρια σε εκδήλωση της COP27 για τον βιώσιμο τουρισμό https://t.co/Ol582T7Jyo #elenakoyntoyra,η ελενα κουντουρα ομιλητρια σε εκδηλωση τησ cop για τον βιωσιμο τουρισμο elenakoyntoyra,1
Η #Φινλανδία είναι ο πιο βιώσιμος προορισμός της Ευρώπης για αγορές https://t.co/5plKM3wTsG,η φινλανδια ειναι ο πιο βιωσιμοσ προορισμοσ τησ ευρωπησ για αγορεσ,1
H Έλενα Κουντουρά ομιλήτρια στο διεθνές συνέδριο Circle the Med Forum 2022 για τον βιώσιμο τουρισμό στη Μεσόγειο https://t.co/UC60xA150V,h ελενα κουντουρα ομιλητρια στο διεθνεσ συνεδριο circle the med forum για τον βιωσιμο τουρισμο στη μεσογειο,1
"ΥΠΠΟΑ: 
Βιώσιμο μοντέλο ανάπτυξης για την αξιοποίηση του τέως βασιλικού κτήματος, στο #Τατόι 

https://t.co/ewkFwfPIeA",υπποα βιωσιμο μοντελο αναπτυξησ για την αξιοποιηση του τεωσ βασιλικου κτηματοσ στο τατοι,1
Τατόι: Βιώσιμο μοντέλο ανάπτυξης για την αξιοποίηση των πρώην βασιλικών ανακτόρων https://t.co/oyvXiBCS5w,τατοι βιωσιμο μοντελο αναπτυξησ για την αξιοποιηση των πρωην βασιλικων ανακτορων,1
"📌Βιώσιμο μοντέλο ανάπτυξης για την αξιοποίηση του τ. βασιλικού κτήματος, στο #Τατόι.
☑️Το στρατηγικό σχέδιο του #ΥΠΠΟΑ εξελίσσεται σύμφωνα με τον προγραμματισμό και το χρονοδιάγραμμα.
#MinCultureGr #Tatoi https://t.co/Us1dWGswR0 https://t.co/MZvCiXldXC",βιωσιμο μοντελο αναπτυξησ για την αξιοποιηση του τ βασιλικου κτηματοσ στο τατοι το στρατηγικο σχεδιο του υπποα εξελισσεται συμφωνα με τον προγραμματισμο και το χρονοδιαγραμμα minculturegr tatoi,1
"ΥΠΠΟΑ: Βιώσιμο μοντέλο ανάπτυξης για την αξιοποίηση του τέως βασιλικού κτήματος, στο Τατόι  - https://t.co/eiOPQNT0y0 https://t.co/0rc94fH2Tb #Ανάπλαση #Τατόι #ΥπουργείοΠολιτισμούΚαιΑθλητισμού",υπποα βιωσιμο μοντελο αναπτυξησ για την αξιοποιηση του τεωσ βασιλικου κτηματοσ στο τατοι αναπλαση τατοι υπουργειοπολιτισμουκαιαθλητισμου,1
"ΥΠΠΟΑ: Βιώσιμο μοντέλο ανάπτυξης για την αξιοποίηση του τ. βασιλικού κτήματος, στο Τατόι https://t.co/9iNTwtk8mr",υπποα βιωσιμο μοντελο αναπτυξησ για την αξιοποιηση του τ βασιλικου κτηματοσ στο τατοι,1
Η Μεσαιωνική Πόλη της Ρόδου ανάμεσα στα μνημεία που απειλούνται από την κλιματική αλλαγή – Μελέτη της #Δημοκρατική #Ρόδος #Δωδεκάνησα https://t.co/jKmfcGbqOT,η μεσαιωνικη πολη τησ ροδου αναμεσα στα μνημεια που απειλουνται απο την κλιματικη αλλαγη μελετη τησ δημοκρατικη ροδοσ δωδεκανησα,1
Συνέδριο ΣΕΤΕ: Τουρισμός και μετάβαση στη βιώσιμη ανάπτυξη #Δημοκρατική #Ρόδος #Δωδεκάνησα https://t.co/TtNKDkAdTC,συνεδριο σετε τουρισμοσ και μεταβαση στη βιωσιμη αναπτυξη δημοκρατικη ροδοσ δωδεκανησα,1
"Στηρίζουμε την ελληνική κοινωνία υλοποιώντας τις προεκλογικές μας δεσμεύσεις, σε ένα ασταθές και αβέβαιο παγκόσμιο περιβάλλον https://t.co/PZvIraMTzk μέσω @mouzakinews.gr https://t.co/gzNdVdKBqU",στηριζουμε την ελληνικη κοινωνια υλοποιωντασ τισ προεκλογικεσ μασ δεσμευσεισ σε ενα ασταθεσ και αβεβαιο παγκοσμιο περιβαλλον μεσω mouzakinewsgr,1
Κικίλιας: Ο βιώσιμος τουρισμός η μεγάλη πρόκληση για το 2023 https://t.co/riYtZZC3Yj #businessnewsgr,κικιλιασ ο βιωσιμοσ τουρισμοσ η μεγαλη προκληση για το businessnewsgr,1
Tο Γεωπάρκο Μετεώρων-Πύλης αναδεικνύει τη Θεσσαλία σε παγκόσμιο προορισμό τουρισμού φύσης https://t.co/l62D3wb65W,tο γεωπαρκο μετεωρωνπυλησ αναδεικνυει τη θεσσαλια σε παγκοσμιο προορισμο τουρισμου φυσησ,1
"Χρήστος Σταϊκούρας: «Στο ασταθές παγκόσμιο περιβάλλον, η Ελλάδα τα έχει καταφέρει» https://t.co/OIENwSjCQs",χρηστοσ σταϊκουρασ στο ασταθεσ παγκοσμιο περιβαλλον η ελλαδα τα εχει καταφερει,1
"Χρήστος Σταϊκούρας: «Στο ασταθές παγκόσμιο περιβάλλον, η Ελλάδα τα έχει καταφέρει» - LarissaPress https://t.co/S9UOGZUJGc",χρηστοσ σταϊκουρασ στο ασταθεσ παγκοσμιο περιβαλλον η ελλαδα τα εχει καταφερει larissapress,1
Σταικούρας: Η Ελλάδα τα έχει καταφέρει στο ασταθές παγκόσμιο περιβάλλον https://t.co/gWB8MbVHFM,σταικουρασ η ελλαδα τα εχει καταφερει στο ασταθεσ παγκοσμιο περιβαλλον,1
Eurogroup - Σταϊκούρας: Η Ελλάδα τα έχει καταφέρει παρά το ασταθές περιβάλλον - https://t.co/0DecuKYmrI,eurogroup σταϊκουρασ η ελλαδα τα εχει καταφερει παρα το ασταθεσ περιβαλλον,1
"RT @LykavitosGr: Σταϊκούρας: «Στο ασταθές παγκόσμιο περιβάλλον, η Ελλάδα τα έχει καταφέρει»  #Χρήστος_Σταικούρας #Eurogroup https://t.co/nW…",rt lykavitosgr σταϊκουρασ στο ασταθεσ παγκοσμιο περιβαλλον η ελλαδα τα εχει καταφερει χρηστοσ_σταικουρασ eurogroup,1
"RT @LykavitosGr: Σταϊκούρας: «Στο ασταθές παγκόσμιο περιβάλλον, η Ελλάδα τα έχει καταφέρει»  #Χρήστος_Σταικούρας #Eurogroup https://t.co/nW…",rt lykavitosgr σταϊκουρασ στο ασταθεσ παγκοσμιο περιβαλλον η ελλαδα τα εχει καταφερει χρηστοσ_σταικουρασ eurogroup,1
"Χρήστος Σταϊκούρας: «Στο ασταθές παγκόσμιο περιβάλλον, η Ελλάδα τα έχει καταφέρει» https://t.co/rzFNB1mz7b",χρηστοσ σταϊκουρασ στο ασταθεσ παγκοσμιο περιβαλλον η ελλαδα τα εχει καταφερει,1
".@cstaikouras : «Στο ασταθές παγκόσμιο περιβάλλον, η Ελλάδα τα έχει καταφέρει»

https://t.co/21CoQ35HwN https://t.co/hNjxzMN0Sc",cstaikouras στο ασταθεσ παγκοσμιο περιβαλλον η ελλαδα τα εχει καταφερει,1
"Σταϊκούρας στο Eurogroup: Η Ελλάδα τα έχει καταφέρει, παρά το ασταθές περιβάλλον https://t.co/0L6XWQqLST",σταϊκουρασ στο eurogroup η ελλαδα τα εχει καταφερει παρα το ασταθεσ περιβαλλον,1
RT @Moneypressgr: Eurogroup – Σταϊκούρας: Η Ελλάδα τα έχει καταφέρει παρά το ασταθές περιβάλλον  #moneypress https://t.co/s4rqCAv4L4 https:…,rt moneypressgr eurogroup σταϊκουρασ η ελλαδα τα εχει καταφερει παρα το ασταθεσ περιβαλλον moneypress,1
Eurogroup – Σταϊκούρας: Η Ελλάδα τα έχει καταφέρει παρά το ασταθές περιβάλλον  #moneypress https://t.co/s4rqCAv4L4 https://t.co/RqKZZ5PVKY,eurogroup σταϊκουρασ η ελλαδα τα εχει καταφερει παρα το ασταθεσ περιβαλλον moneypress,1
"Χρήστος Σταϊκούρας: «Στο ασταθές παγκόσμιο περιβάλλον, η Ελλάδα τα έχει καταφέρει» https://t.co/JxvTHW6ERe",χρηστοσ σταϊκουρασ στο ασταθεσ παγκοσμιο περιβαλλον η ελλαδα τα εχει καταφερει,1
Υποτροφίες για τους μαθητές της Νισύρου από το «Ίδρυμα Γεώργιος Μ. Μίχαλος Αειφορία της Νισύρου» #Δημοκρατική #Ρόδος #Δωδεκάνησα https://t.co/logVfdv4ve,υποτροφιεσ για τουσ μαθητεσ τησ νισυρου απο το ιδρυμα γεωργιοσ μ μιχαλοσ αειφορια τησ νισυρου δημοκρατικη ροδοσ δωδεκανησα,1
"Χρ. Σταϊκούρας στο Eurogroup: “Στο ασταθές παγκόσμιο περιβάλλον, η Ελλάδα τα έχει καταφέρει” https://t.co/vaW4GXMzT0",χρ σταϊκουρασ στο eurogroup στο ασταθεσ παγκοσμιο περιβαλλον η ελλαδα τα εχει καταφερει,1
ΦΟΔΣΑ Νοτίου Αιγαίου: Σημαντικός ο ρόλος του για ένα καλύτερο περιβάλλον #Δημοκρατική #Ρόδος #Δωδεκάνησα https://t.co/ZvBOXUb47K,φοδσα νοτιου αιγαιου σημαντικοσ ο ρολοσ του για ενα καλυτερο περιβαλλον δημοκρατικη ροδοσ δωδεκανησα,1
Η κλιματική κρίση ροκανίζει το ΑΕΠ #Δημοκρατική #Ρόδος #Δωδεκάνησα https://t.co/3bOKRb9pTI,η κλιματικη κριση ροκανιζει το αεπ δημοκρατικη ροδοσ δωδεκανησα,1
Μ. Κόνσολας: «Οριστική και βιώσιμη λύση στο ιδιοκτησιακό καθεστώς των καταπατημένων ακινήτων του δημοσίου». #Δημοκρατική #Ρόδος #Δωδεκάνησα https://t.co/d0ZvaBZhEI,μ κονσολασ οριστικη και βιωσιμη λυση στο ιδιοκτησιακο καθεστωσ των καταπατημενων ακινητων του δημοσιου δημοκρατικη ροδοσ δωδεκανησα,1
"B. Κικίλιας : Η νησιωτικότητα στρατηγικό πλεονέκτημα της Ελλάδας και στον βιώσιμο τουρισμό - Αύξηση 20% στην τουριστική κίνηση φέτος
https://t.co/MtJEt27xBs",b κικιλιασ η νησιωτικοτητα στρατηγικο πλεονεκτημα τησ ελλαδασ και στον βιωσιμο τουρισμο αυξηση στην τουριστικη κινηση φετοσ,1
".@Vkikilias: 
«Η νησιωτικότητα στρατηγικό πλεονέκτημα της Ελλάδας και στον βιώσιμο #τουρισμό- Αύξηση 20% στην τουριστική κίνηση φέτος»

#τουρισμός 

https://t.co/hUjvEYpAm5 https://t.co/cvwA7y4MOZ",vkikilias η νησιωτικοτητα στρατηγικο πλεονεκτημα τησ ελλαδασ και στον βιωσιμο τουρισμο αυξηση στην τουριστικη κινηση φετοσ τουρισμοσ,1
"""Η νησιωτικότητα αποτελεί στρατηγικό πλεονέκτημα της Ελλάδας και στον βιώσιμο τουρισμό"" δήλωσε χθες από τη Ρόδο ο υπουργός Τουρισμού Βασίλης Κικίλιας κατά τη διάρκεια της ομιλίας του στην εκδήλωση «The Rhodes Co-Lab Sustainable Destination- Strategy &amp;

https://t.co/S2UYbKkynr",η νησιωτικοτητα αποτελει στρατηγικο πλεονεκτημα τησ ελλαδασ και στον βιωσιμο τουρισμο δηλωσε χθεσ απο τη ροδο ο υπουργοσ τουρισμου βασιλησ κικιλιασ κατα τη διαρκεια τησ ομιλιασ του στην εκδηλωση the rhodes colab sustainable destination strategy amp,1
Rhodes Co-Lab: Το πρόγραμμα που θα τη μετατρέψει σε «βιώσιμο τουριστικό προορισμό»  #Δημοκρατική #Ρόδος #Δωδεκάνησα https://t.co/86d8nAPpzX,rhodes colab το προγραμμα που θα τη μετατρεψει σε βιωσιμο τουριστικο προορισμο δημοκρατικη ροδοσ δωδεκανησα,1
"RT @Vkikilias: Χρέος μας για τις επόμενες γενιές, είναι να αφήσουμε ένα τόπο καλύτερο. Η νησιωτικότητα αποτελεί στρατηγικό στρατηγικό πλεον…",rt vkikilias χρεοσ μασ για τισ επομενεσ γενιεσ ειναι να αφησουμε ενα τοπο καλυτερο η νησιωτικοτητα αποτελει στρατηγικο στρατηγικο πλεον,1
"RT @Vkikilias: Χρέος μας για τις επόμενες γενιές, είναι να αφήσουμε ένα τόπο καλύτερο. Η νησιωτικότητα αποτελεί στρατηγικό στρατηγικό πλεον…",rt vkikilias χρεοσ μασ για τισ επομενεσ γενιεσ ειναι να αφησουμε ενα τοπο καλυτερο η νησιωτικοτητα αποτελει στρατηγικο στρατηγικο πλεον,1
"«Η νησιωτικότητα αποτελεί στρατηγικό πλεονέκτημα της Ελλάδας και στον βιώσιμο τουρισμό», δήλωσε χθες από τη Ρόδο ο υπουργός Τουρισμού Βασίλης Κικίλιας κατά τη διάρκεια της ομιλίας του στην εκδήλωση «The Rhodes Co-Lab Sustainable Destination- Strategy &amp;… https://t.co/Ie8R5tiXUh",η νησιωτικοτητα αποτελει στρατηγικο πλεονεκτημα τησ ελλαδασ και στον βιωσιμο τουρισμο δηλωσε χθεσ απο τη ροδο ο υπουργοσ τουρισμου βασιλησ κικιλιασ κατα τη διαρκεια τησ ομιλιασ του στην εκδηλωση the rhodes colab sustainable destination strategy amp,1
Ένα μεγάλο βήμα για το βιώσιμο περιβάλλον στα νησιά: 35.825 οικιακούς κομποστοποιητές θα μοιράσει ο ΦοΔΣΑ σε #Δημοκρατική #Ρόδος #Δωδεκάνησα https://t.co/stodYW2xXe,ενα μεγαλο βημα για το βιωσιμο περιβαλλον στα νησια οικιακουσ κομποστοποιητεσ θα μοιρασει ο φοδσα σε δημοκρατικη ροδοσ δωδεκανησα,1
Ά Γκερέκου: Ο τουρισμός παράγοντας ενδυνάμωσης των διεθνών σχέσεων-Χαιρετισμός της Προέδρου του ΕΟΤ σε διεθνές συνέδριο για τη βιώσιμη ανάπτυξη και την περιφερειακή ολοκλήρωση της Μεσογείου https://t.co/JlwFWgfKWP https://t.co/xDlF2sbUwX,α γκερεκου ο τουρισμοσ παραγοντασ ενδυναμωσησ των διεθνων σχεσεωνχαιρετισμοσ τησ προεδρου του εοτ σε διεθνεσ συνεδριο για τη βιωσιμη αναπτυξη και την περιφερειακη ολοκληρωση τησ μεσογειου,1
"RT @Vkikilias: Η επιτυχία του τουρισμού συμβάλλει στη βιώσιμη ανάπτυξη &amp; στη κοινωνική συνοχή. 

Η κυβέρνηση διαθέτει σημαντικό μέρος από τ…",rt vkikilias η επιτυχια του τουρισμου συμβαλλει στη βιωσιμη αναπτυξη amp στη κοινωνικη συνοχη η κυβερνηση διαθετει σημαντικο μεροσ απο τ,1
Βασίλης Κικίλιας: «Η επιτυχία του τουρισμού συμβάλλει στη βιώσιμη ανάπτυξη και στη κοινωνική συνοχή» https://t.co/eceUiDXCN8 https://t.co/OLntA3M3ZG,βασιλησ κικιλιασ η επιτυχια του τουρισμου συμβαλλει στη βιωσιμη αναπτυξη και στη κοινωνικη συνοχη,1
Κικίλιας: Υψηλότερες το 2023 οι επιδόσεις του τουρισμού - Η επιτυχία του συμβάλλει στη βιώσιμη ανάπτυξη https://t.co/g801XBVKNd,κικιλιασ υψηλοτερεσ το οι επιδοσεισ του τουρισμου η επιτυχια του συμβαλλει στη βιωσιμη αναπτυξη,1
".@Vkikilias: Η επιτυχία του τουρισμού συμβάλλει στη βιώσιμη ανάπτυξη και στη κοινωνική συνοχή

https://t.co/pwiUhTD2mT",vkikilias η επιτυχια του τουρισμου συμβαλλει στη βιωσιμη αναπτυξη και στη κοινωνικη συνοχη,1
Κικίλιας: «Η επιτυχία του τουρισμού συμβάλλει στη βιώσιμη ανάπτυξη και στη κοινωνική συνοχή» https://t.co/KTj2AtmEQQ,κικιλιασ η επιτυχια του τουρισμου συμβαλλει στη βιωσιμη αναπτυξη και στη κοινωνικη συνοχη,1
Σ. Ζαχαράκη: Ο βιώσιμος τουρισμός και ο τοπικός χαρακτήρας στο επίκεντρο της ανάπτυξης https://t.co/6cRXigwdB9,σ ζαχαρακη ο βιωσιμοσ τουρισμοσ και ο τοπικοσ χαρακτηρασ στο επικεντρο τησ αναπτυξησ,1
Σοφία Ζαχαράκη: Ο βιώσιμος τουρισμός και ο τοπικός χαρακτήρας στο επίκεντρο της ανάπτυξης https://t.co/KvEJr1d1sL https://t.co/5ZlwFQEdAf,σοφια ζαχαρακη ο βιωσιμοσ τουρισμοσ και ο τοπικοσ χαρακτηρασ στο επικεντρο τησ αναπτυξησ,1
Κικίλιας: Η επιτυχία του τουρισμού συμβάλλει στη βιώσιμη ανάπτυξη και στη κοινωνική συνοχή #Δημοκρατική #Ρόδος #Δωδεκάνησα https://t.co/vJ0VKUCilU,κικιλιασ η επιτυχια του τουρισμου συμβαλλει στη βιωσιμη αναπτυξη και στη κοινωνικη συνοχη δημοκρατικη ροδοσ δωδεκανησα,1
Ένθετο Τουρισμός: Η Ρόδος ως βιώσιμο τουριστικό μοντέλο https://t.co/2o6FK8TfFb,ενθετο τουρισμοσ η ροδοσ ωσ βιωσιμο τουριστικο μοντελο,1
Δημ. Σακίπης: «Το “Rhodes Co-lab” θα μετατρέψει το νησί στον  πρώτο βιώσιμο τουριστικό προορισμό παγκοσμίως» #Δημοκρατική #Ρόδος #Δωδεκάνησα https://t.co/zszWJ9eM0E,δημ σακιπησ το rhodes colab θα μετατρεψει το νησι στον πρωτο βιωσιμο τουριστικο προορισμο παγκοσμιωσ δημοκρατικη ροδοσ δωδεκανησα,1
Κλιματική κρίση: Βροχοπτώσεις τέλος – Αντιμέτωπη με τη λειψυδρία φέτος η Ευρώπη #Δημοκρατική #Ρόδος #Δωδεκάνησα https://t.co/9z8SU6X8eX,κλιματικη κριση βροχοπτωσεισ τελοσ αντιμετωπη με τη λειψυδρια φετοσ η ευρωπη δημοκρατικη ροδοσ δωδεκανησα,1
Meliá Hotels International: Ο πιο βιώσιμος ξενοδοχειακός Όμιλος παγκοσμίως για το 2022 από την S&amp;P Globa #Δημοκρατική #Ρόδος #Δωδεκάνησα https://t.co/gZGuE25CCJ,meliá hotels international ο πιο βιωσιμοσ ξενοδοχειακοσ ομιλοσ παγκοσμιωσ για το απο την sampp globa δημοκρατικη ροδοσ δωδεκανησα,1
Βιώσιμο επιχειρηματικό σχήμα για την αξιοποίηση των θερμών πηγών Eμπρός Θέρμης στην Κω #Δημοκρατική #Ρόδος #Δωδεκάνησα https://t.co/UWf4EjyALm,βιωσιμο επιχειρηματικο σχημα για την αξιοποιηση των θερμων πηγων eμπροσ θερμησ στην κω δημοκρατικη ροδοσ δωδεκανησα,1
Σ.Δ.Ξ.Δ.: Εσπερίδα με τίτλο “Ιδού η Ρόδος…Ιδού και το περιβάλλον…Προοπτικές και δράσεις” #Δημοκρατική #Ρόδος #Δωδεκάνησα https://t.co/sGkzuCejyQ,σδξδ εσπεριδα με τιτλο ιδου η ροδοσιδου και το περιβαλλονπροοπτικεσ και δρασεισ δημοκρατικη ροδοσ δωδεκανησα,1
Νομοσχέδιο για το περιβάλλον: Τρεις αλλαγές στο παρά πέντε #Δημοκρατική #Ρόδος #Δωδεκάνησα https://t.co/qyabWw9GPy,νομοσχεδιο για το περιβαλλον τρεισ αλλαγεσ στο παρα πεντε δημοκρατικη ροδοσ δωδεκανησα,1
Λειψοί: Εγκώμια στον γερμανικό Τύπο για τον βιώσιμο τουρισμό στο νησί #Δημοκρατική #Ρόδος #Δωδεκάνησα https://t.co/G8IVmrOudb,λειψοι εγκωμια στον γερμανικο τυπο για τον βιωσιμο τουρισμο στο νησι δημοκρατικη ροδοσ δωδεκανησα,1
Δ. Γάκης: «Το σχέδιο του ΣΥΡΙΖΑ ΠΣ για βιώσιμη ανάπτυξη χρειάζεται ασφαλείς &amp; σύγχρονες μεταφορές» #Δημοκρατική #Ρόδος #Δωδεκάνησα https://t.co/WkFdzthn1q,δ γακησ το σχεδιο του συριζα πς για βιωσιμη αναπτυξη χρειαζεται ασφαλεισ amp συγχρονεσ μεταφορεσ δημοκρατικη ροδοσ δωδεκανησα,1
"Ικανοποίηση εκφράζει η πλειονότητα των εμπόρων από την αγοραστική κίνηση την εφετινή πασχαλινή περίοδο η οποία πλησίασε τα προ πανδημίας επίπεδα μοιράζοντας αισιοδοξία στις επιχειρήσεις παρά το δυσμενές περιβάλλον.

https://t.co/NV4xeXgnis",ικανοποιηση εκφραζει η πλειονοτητα των εμπορων απο την αγοραστικη κινηση την εφετινη πασχαλινη περιοδο η οποια πλησιασε τα προ πανδημιασ επιπεδα μοιραζοντασ αισιοδοξια στισ επιχειρησεισ παρα το δυσμενεσ περιβαλλον,1
Κλιματική κρίση: Τι δείχνει ο “Κοπέρνικος” για το φετινό καλοκαίρι στην Ελλάδα – Πού θα κυμανθούν οι #Δημοκρατική #Ρόδος #Δωδεκάνησα https://t.co/TT5FaroLJz,κλιματικη κριση τι δειχνει ο κοπερνικοσ για το φετινο καλοκαιρι στην ελλαδα που θα κυμανθουν οι δημοκρατικη ροδοσ δωδεκανησα,1
"“In” η Ελλάδα λέει η TUI | Κρήτη, Κέρκυρα, Κως και Ρόδος σημείο αναφοράς για τους ταξιδιώτες - “Φάρος” για τον βιώσιμο τουρισμό η Ρόδος -",in η ελλαδα λεει η tui κρητη κερκυρα κωσ και ροδοσ σημειο αναφορασ για τουσ ταξιδιωτεσ φαροσ για τον βιωσιμο τουρισμο η ροδοσ,1
"TUI: Κρήτη, Κέρκυρα, Κως και Ρόδος σημείο αναφοράς για τους ταξιδιώτες – “Φάρος” για τον βιώσιμο τουρισμό η #Δημοκρατική #Ρόδος #Δωδεκάνησα https://t.co/U0HZmg4kZt",tui κρητη κερκυρα κωσ και ροδοσ σημειο αναφορασ για τουσ ταξιδιωτεσ φαροσ για τον βιωσιμο τουρισμο η δημοκρατικη ροδοσ δωδεκανησα,1
"Αντώνης Καμπουράκης: Σύγχρονη και Βιώσιμη, Μεσαιωνική Πόλη Ρόδου #Δημοκρατική #Ρόδος #Δωδεκάνησα https://t.co/gkvypE4Uxz",αντωνησ καμπουρακησ συγχρονη και βιωσιμη μεσαιωνικη πολη ροδου δημοκρατικη ροδοσ δωδεκανησα,1
Κικίλιας: Αύξηση εσόδων με ποιοτικούς επισκέπτες διασφαλίζοντας βιώσιμο τουριστικό μοντέλο https://t.co/gdoxL9mJOt,κικιλιασ αυξηση εσοδων με ποιοτικουσ επισκεπτεσ διασφαλιζοντασ βιωσιμο τουριστικο μοντελο,1
".@Vkikilias : Αυξάνουμε τα έσοδα με ποιοτικούς επισκέπτες διασφαλίζοντας το βιώσιμο #τουριστικό μοντέλο

https://t.co/EdK4HHWtRx https://t.co/uH74e82rrd",vkikilias αυξανουμε τα εσοδα με ποιοτικουσ επισκεπτεσ διασφαλιζοντασ το βιωσιμο τουριστικο μοντελο,1
Βασίλης Κικίλιας: «Αυξάνουμε τα έσοδα με ποιοτικούς επισκέπτες διασφαλίζοντας το βιώσιμο τουριστικό μοντέλο» https://t.co/KUAzN3n4MC,βασιλησ κικιλιασ αυξανουμε τα εσοδα με ποιοτικουσ επισκεπτεσ διασφαλιζοντασ το βιωσιμο τουριστικο μοντελο,1
Νέο πρόγραμμα απασχόλησης 5.000 ανέργων: Από σήμερα οι αιτήσεις – Έμφαση σε πράσινη οικονομία/γυναίκες #Δημοκρατική #Ρόδος #Δωδεκάνησα https://t.co/UVgz19F8oe,νεο προγραμμα απασχολησησ ανεργων απο σημερα οι αιτησεισ εμφαση σε πρασινη οικονομιαγυναικεσ δημοκρατικη ροδοσ δωδεκανησα,1
Μαθητικό δημοτικό συμβούλιο με θέμα «Βιώσιμη Πόλη» #Δημοκρατική #Ρόδος #Δωδεκάνησα https://t.co/1mfJbIMYqo,μαθητικο δημοτικο συμβουλιο με θεμα βιωσιμη πολη δημοκρατικη ροδοσ δωδεκανησα,1
Στο συνέδριο “Πράσινη Μετάβαση και Κυκλική Οικονομία στην Τοπική Αυτοδιοίκηση” συμμετείχε ο Δήμαρχος #Δημοκρατική #Ρόδος #Δωδεκάνησα https://t.co/h3pyoQ468N,στο συνεδριο πρασινη μεταβαση και κυκλικη οικονομια στην τοπικη αυτοδιοικηση συμμετειχε ο δημαρχοσ δημοκρατικη ροδοσ δωδεκανησα,1
"Πελαγίδης: Ανθεκτική η ελληνική οικονομία, παρά το δυσμενές περιβάλλον - https://t.co/eTafNWbsse https://t.co/BqQJlYUnyO",πελαγιδησ ανθεκτικη η ελληνικη οικονομια παρα το δυσμενεσ περιβαλλον,1
Η κλιματική κρίση κερκόπορτα μιας νέας πανδημίας #Δημοκρατική #Ρόδος #Δωδεκάνησα https://t.co/AaBYRJbvii,η κλιματικη κριση κερκοπορτα μιασ νεασ πανδημιασ δημοκρατικη ροδοσ δωδεκανησα,1
Κικίλιας: Ο βιώσιμος τουρισμός στο επίκεντρο της νέας μεγάλης καμπάνιας του ΕΟΤ https://t.co/9tcegW2NSI,κικιλιασ ο βιωσιμοσ τουρισμοσ στο επικεντρο τησ νεασ μεγαλησ καμπανιασ του εοτ,1
Γ. Ρέτσος (ΣΕΤΕ): Οι στόχοι για ένα βιώσιμο μοντέλο στρατηγικής ανάπτυξης του ελληνικού τουρισμού https://t.co/KrqrCsQChL,γ ρετσοσ σετε οι στοχοι για ενα βιωσιμο μοντελο στρατηγικησ αναπτυξησ του ελληνικου τουρισμου,1
Αγροτικές Ειδήσεις: Γεωργαντάς: Στηρίζουμε τον κλάδο της ελιάς απέναντι στην κλιματική κρίση https://t.co/AovW80tSLd,αγροτικεσ ειδησεισ γεωργαντασ στηριζουμε τον κλαδο τησ ελιασ απεναντι στην κλιματικη κριση,1
I've just posted a new blog: Γ. Γεωργαντάς: Στηρίζουμε το εθνικό προϊόν της ελιάς απέναντι στην κλιματική κρίση https://t.co/RrOa4veyKn,ive just posted a new blog γ γεωργαντασ στηριζουμε το εθνικο προϊον τησ ελιασ απεναντι στην κλιματικη κριση,1
Η επόμενη τουριστική καμπάνια θα επικεντρωθεί στον βιώσιμο τουρισμό https://t.co/BfgCJkG489,η επομενη τουριστικη καμπανια θα επικεντρωθει στον βιωσιμο τουρισμο,1
Η επόμενη τουριστική καμπάνια θα επικεντρωθεί στον βιώσιμο τουρισμό https://t.co/t8tFPE0Tow,η επομενη τουριστικη καμπανια θα επικεντρωθει στον βιωσιμο τουρισμο,1
Σταϊκούρας: «Η Ελλάδα έχει χτίσει ισχυρές γραμμές άμυνας απέναντι σε ένα δυσμενές διεθνές περιβάλλον» https://t.co/wN9DdFE96M,σταϊκουρασ η ελλαδα εχει χτισει ισχυρεσ γραμμεσ αμυνασ απεναντι σε ενα δυσμενεσ διεθνεσ περιβαλλον,1
Σταϊκούρας στη Σύνοδο του ΔΝΤ: Η Ελλάδα έχει χτίσει ισχυρές γραμμές άμυνας απέναντι σε ένα δυσμενές διεθνές περιβάλλον https://t.co/CCcYrkvsKO,σταϊκουρασ στη συνοδο του δντ η ελλαδα εχει χτισει ισχυρεσ γραμμεσ αμυνασ απεναντι σε ενα δυσμενεσ διεθνεσ περιβαλλον,1
Σταϊκούρας: «Η Ελλάδα έχει χτίσει ισχυρές γραμμές άμυνας απέναντι σε ένα δυσμενές διεθνές περιβάλλον» https://t.co/9u4zFj3Llx,σταϊκουρασ η ελλαδα εχει χτισει ισχυρεσ γραμμεσ αμυνασ απεναντι σε ενα δυσμενεσ διεθνεσ περιβαλλον,1
"Β. Κικίλιας: Έργα υποδομής, πράσινη οικονομία και καμπάνια για τον βιώσιμο τουρισμό https://t.co/tzmobvkVtu",β κικιλιασ εργα υποδομησ πρασινη οικονομια και καμπανια για τον βιωσιμο τουρισμο,1
Β. Κικίλιας για συμφωνία με Common Seas: 'H Ελλάδα στην πρωτοπορία της Ευρώπης για τον βιώσιμο τουρισμό' https://t.co/e7qPOwOzKV,β κικιλιασ για συμφωνια με common seas h ελλαδα στην πρωτοπορια τησ ευρωπησ για τον βιωσιμο τουρισμο,1
Ευρώπη: Αυτός είναι ο πιο βιώσιμος προορισμός για αγορές - Δείτε τις υπόλοιπες χώρες https://t.co/Xkgpih2P11,ευρωπη αυτοσ ειναι ο πιο βιωσιμοσ προορισμοσ για αγορεσ δειτε τισ υπολοιπεσ χωρεσ,1
Ευρώπη: Αυτός είναι ο πιο βιώσιμος προορισμός για αγορές - Δείτε τις υπόλοιπες χώρες https://t.co/oOaA7G4Xpe,ευρωπη αυτοσ ειναι ο πιο βιωσιμοσ προορισμοσ για αγορεσ δειτε τισ υπολοιπεσ χωρεσ,1
Τατόι: Βιώσιμο μοντέλο ανάπτυξης για την αξιοποίηση των πρώην βασιλικών ανακτόρων https://t.co/ECH8PVopOd,τατοι βιωσιμο μοντελο αναπτυξησ για την αξιοποιηση των πρωην βασιλικων ανακτορων,1
ΥΠΠΟΑ: Βιώσιμο μοντέλο ανάπτυξης για την αξιοποίηση του τέως βασιλικού κτήματος στο Τατόι https://t.co/V5fQHP4mrt,υπποα βιωσιμο μοντελο αναπτυξησ για την αξιοποιηση του τεωσ βασιλικου κτηματοσ στο τατοι,1
"Χρ. Σταϊκούρας στο Eurogroup: 'Στο ασταθές παγκόσμιο περιβάλλον, η Ελλάδα τα έχει καταφέρει' https://t.co/L9GduGGAox",χρ σταϊκουρασ στο eurogroup στο ασταθεσ παγκοσμιο περιβαλλον η ελλαδα τα εχει καταφερει,1
B. Κικίλιας: Η νησιωτικότητα στρατηγικό πλεονέκτημα της Ελλάδας και στον βιώσιμο τουρισμό https://t.co/8LU9CGUvLZ,b κικιλιασ η νησιωτικοτητα στρατηγικο πλεονεκτημα τησ ελλαδασ και στον βιωσιμο τουρισμο,1
Β. Κικίλιας: Η επιτυχία του τουρισμού συμβάλλει στη βιώσιμη ανάπτυξη και στη κοινωνική συνοχή https://t.co/0nxFeQQToN,β κικιλιασ η επιτυχια του τουρισμου συμβαλλει στη βιωσιμη αναπτυξη και στη κοινωνικη συνοχη,1
Κικίλιας: Η επιτυχία του τουρισμού συμβάλλει στη βιώσιμη ανάπτυξη και στη κοινωνική συνοχή https://t.co/Rei1YPagCA,κικιλιασ η επιτυχια του τουρισμου συμβαλλει στη βιωσιμη αναπτυξη και στη κοινωνικη συνοχη,1
Ζαχαράκη: Ο βιώσιμος τουρισμός και ο τοπικός χαρακτήρας στο επίκεντρο της ανάπτυξης https://t.co/MzimXi70Mk,ζαχαρακη ο βιωσιμοσ τουρισμοσ και ο τοπικοσ χαρακτηρασ στο επικεντρο τησ αναπτυξησ,1
