predicted_sentiment,prediction_probability,sentiment_label,positive_texts_count,negative_texts_count,total_texts,positive_percentage,negative_percentage,text
0,0.4992004,Negative,11.0,89.0,100.0,11.0,89.0,"Πάντως ο φόβος κάνει καλά την δουλειά του. Όλοι φοράνε μάσκα , αυτό θα μας σώσει, τους λαθρομετανάστες που έχουν κατακλύσει την περιοχή κ για αυτό έχουν εκτιναχθεί τα κρούσματα δεν μπορούν να τους μαζέψουν. Στο φόβο σου ποντάρουν κ δυστυχώς κέρδισαν. Ετοιμαστείτε για τ χειρότερα"
0,0.088538274,Negative,,,,,,"ΣΥΝΕΧΙΖΟΥΝ ΑΚΑΘΕΚΤΟΙ ΤΟ ΜΠΟΛΙΑΣΜΑ!Μέσα σε λίγους μήνες «φύτεψαν» 4.199 #λαθρομετανάστες μόνο στο 6ο διαμέρισμα του δήμου Αθηναίων, μέσω του προγράμματος #ESTIA!Θέλουν να τελειώσουν την Ελλάδα! Μόνο η @ellinikilisi λέει ακατοίκητα νησιά &amp; άμεση απέλαση όλων των παράνομων! @velopky https://t.co/ahhg4Wr7wf"
0,0.18009846,Negative,,,,,,"@Sofia93338779 @eUuVlcfLoduQiDT Το αστείο είναι ότι πολύ ελάχιστοι είναι οικονομολόγοι, αλλά όλοι βγάζουν τη χολή τους για να είναι πιστόλι στην κομματική γραμμή, νομίζοντας ότι η Γερμανία θα τους αφήσει αυτούς απείραχτους. Δεν ξέρουν ότι όλα τα σπίτια θα πάνε σε λαθρομετανάστες που θα γίνουν Έλληνες...."
0,0.058237825,Negative,,,,,,"ΣΥΝΕΧΙΖEI ΑΚΑΘΕΚΤΟΣ @nmitarakis την ισλαμοποιηση Μέσα σε λίγους μήνες «φύτεψαν» 4.199 #λαθρομετανάστες μόνο στο 6ο διαμέρισμα του δήμου Αθηναίων, μέσω του προγράμματος #ESTIA!Θέλουν να τελειώσουν την Ελλάδα! @AdonisGeorgiadi @bogdanosk @AnnaAsimakopoul https://t.co/61hglhYnun"
0,0.08299098,Negative,,,,,,"@nmitarakis ΣΥΝΕΧΙΖΟΥΝ ΑΚΑΘΕΚΤΟΙ ΤΟ ΜΠΟΛΙΑΣΜΑ!Μέσα σε λίγους μήνες «φύτεψαν» 4.199 #λαθρομετανάστες μόνο στο 6ο διαμέρισμα του δήμου Αθηναίων, μέσω του προγράμματος #ESTIA!Θέλουν να τελειώσουν την Ελλάδα! https://t.co/61hglhYnun"
0,0.08299098,Negative,,,,,,"@bogdanosk ΣΥΝΕΧΙΖΟΥΝ ΑΚΑΘΕΚΤΟΙ ΤΟ ΜΠΟΛΙΑΣΜΑ!Μέσα σε λίγους μήνες «φύτεψαν» 4.199 #λαθρομετανάστες μόνο στο 6ο διαμέρισμα του δήμου Αθηναίων, μέσω του προγράμματος #ESTIA!Θέλουν να τελειώσουν την Ελλάδα! https://t.co/61hglhYnun"
0,0.05044742,Negative,,,,,,Γέμισαν και γεμίζουν την Ελλάδα με λαθρομετανάστες και μας πουλάνε πατριωτικά παπατζιλικη @AdonisGeorgiadi @nmitarakis @grigoris_d @bogdanosk
0,0.110265754,Negative,,,,,,"ΣΥΝΕΧΙΖΟΥΝ ΑΚΑΘΕΚΤΟΙ @AdonisGeorgiadi @nmitarakis @bogdanosk @AnnaAsimakopoul ΤΟ ΜΠΟΛΙΑΣΜΑ!Μέσα σε λίγους μήνες «φύτεψαν» 4.199 #λαθρομετανάστες μόνο στο 6ο διαμέρισμα του δήμου Αθηναίων, μέσω του προγράμματος #ESTIA!Θα τελειώσουν την Ελλάδα! https://t.co/61hglhYnun@nmitarakis"
0,0.050960276,Negative,,,,,,@kritikia @Vkikilias @kmitsotakis Σε όλα τα νοσοκομεία γίνετε αυτό.. Έχουν γεμίσει με λαθρομετανάστες και έσυ Έλληνα πλήρωνε φόρους
0,0.1176886,Negative,,,,,,"@NikKo_ial Γατάκια μπροστα στον ελλαδιστάν του Κουλη. Ειχαμε νεο 2πλο φονικο απο μπαγκλαντεσιανο στα Χανια. η 5η δολοφονια απο λαθρομετανάστες το τελευταιο 3μηνο (προηγηθηκε 84χρονη στην Πρεβεζα, 58χρονη στα Φιλιατρα που φονευτηκαν απο πακιστανους &amp; 77χρονο στη Μανδρα απο κουβεϊτιανο)."
0,0.02619043,Negative,,,,,,ΕΠΙΤΡΕΠΕΤΑΙ; ΠΑΚΙΣΤΑΝΟΙ(εχθρική χώρα της Ελλαδας) πήραν άδεια για πορεία στην Αθήνα την 28η Οκτωβρίου;Για Ελληνες απαγόρευση για τους λαθρομετανάστες ..ξέφραγο αμπέλι; @ellinikilisi https://t.co/62wtcuFXua
0,0.21818006,Negative,,,,,,Ήρθε από το ΕΜΠΌΛΕΜΟ Μπαγκλαντές κ ζήτησε ΆΣΥΛΟ ! Η Ελληνική κυβέρνηση το δέχθηκε ως νόμιμη αίτηση ασύλου κ του έδωσε το δικαίωμα να διαμένει στην χώρα Οι άτυχοι άνθρωποι του νοικισαν σπίτι αποδεχόμενοι την εγκληματική εισβολή τού Ισλάμ Κοινή η ευθύνη https://t.co/b07RScvppw https://t.co/pmwkIBh9YL
0,0.07895455,Negative,,,,,,ΕΒΑΛΑΝ ΦΙΔΙ ΣΤΟΝ ΚΟΡΦΟ ΤΟΥΣ ...ΚΑΙ ΔΕΝ ΕΙΝΑΙ ΟΙ ΜΟΝΑΔΙΚΟΙ ...ΣΤΑΤΙΣΤΙΚΑ ΑΠΟΔΕΙΚΝΥΕΤΑΙ ΠΛΕΟΝ ΟΤΙ ΠΑΚΙΣΤΑΝΟΙ ΜΠΑΓΚΛΑΝΤΕΣΙΑΝΟΙ ΕΙΝΑΙ ΣΤΗΝ ΚΟΡΥΦΗ ΤΩΝ ΕΓΚΛΗΜΑΤΙΚΩΝ ΕΝΕΡΓΕΙΩΝ
0,0.08299098,Negative,,,,,,"@NorthEpirus @bogdanosk @orguel1984 ΣΥΝΕΧΙΖΟΥΝ ΑΚΑΘΕΚΤΟΙ ΤΟ ΜΠΟΛΙΑΣΜΑ!Μέσα σε λίγους μήνες «φύτεψαν» 4.199 #λαθρομετανάστες μόνο στο 6ο διαμέρισμα του δήμου Αθηναίων, μέσω του προγράμματος #ESTIA!Θέλουν να τελειώσουν την Ελλάδα! https://t.co/61hglhYnun"
0,0.12851174,Negative,,,,,,@rHTFtwZBI86GRr0 @BillP____ @gazzetta_gr Άσε τα πολιτικά και πήγαινε στην ουσία .Ο νόμος δεν είναι στα μέτρα μας και την ηθικη μας έχουν δικά τους μέτρα.Χωρίς χαρτιά είναι χωρίς το κατάλαβες!Το ότι οι άλλοι πήγαν να κάνουν έγκλημα ναι !Τωρα τι εινσι αυτό που θέλεις εσυ να πεις ?Μπατε σκύλοι αλέστε και αλεστηκα όχι !
1,0.50248706,Positive,,,,,,RT @akrokentrwos: Λαθρομετανάστες στο Σουφλί εφραξαν το δρόμο με κλαδιά και επιτέθηκαν σε διερχόμενο όχημα. #Θα_ενσωματωθουν https://t.co…
1,0.93645227,Positive,,,,,,"οι δήθεν αντιρατσιστές,αντιφασίστες και δήθεν μεγάλα θύματα της ανθρωπότητας απο τον Αδόλφο Ρότσιλντ, μιας και υιοθέτησε το επίθετο της πεθεράς του Χίτλερ ο κύριος που είχε εβραϊκές και Πολωνικές ρίζες και όχι Γερμανικές, τον οποίο χρησιμοποίησε ο διεθνής εβραιοσιωνισμός και η μασονία για να στήσουν το ψευδοολοκαύτωμα, θυσιάζοντας 10.000 εβραίους γι αυτό, πατώντας επάνω στον συναισθηματισμό και την ανθρωπιά των λάων, με την δική παρωδία στην Νυρεμβέργη. Μάλιστα ο Παππούς Ρότσιλντ αφήνει έγκυο την καμαριέρα του και το νώθο εγγόνι του Ρότσιλντ κρύβεται επιμελώς. Μεγαλώνει με μαθήματα μίσους για τους Έλληνες και τον Χριστιανισμό και σε ηλικία γάμου υιοθετεί το επίθετο της πεθεράς του και καίει το χωριό του πατέρα και της μητέρας του ,για να κρύψει τα ίχνη του, ενώ όταν ιδρύει την εβραιοναζιστική αυτοκρατορία του, στέλνει στην Ελλάδα τους Γερμανόφωνους εβραίους, για να μπορούν σήμερα να δολοφονούν με την μάσκα του Αμερικάνου όλα τα έθνη και να μιλούν για αντισημιτισμό όταν τους γίνεται δίκαια κριτική για τα ΕΓΚΛΗΜΑΤΑ τους ,με τα οποία πλουτίζουν αρπάζοντας άδικα τις ξένες περιουσίες λαών και απο τους πόλεμους που κάνουν με την πώληση όπλων, ενώ συγχρόνως απαιτούν με θράσος την ανέγερση μαγαρισμένων μουσείων του δήθεν ολοκαυτώματος τους και παγκόσμια αναγνώριση και ασυλία σε οποιαδήποτε δολοφονική τους ενέργεια, προβάλοντας το στημένο δήθεν ολοκαύτωμά τους. Προφανώς ξεχνούν ότι ο εβραιοκουμουνιστής Μάο είχε διαπράξει περισσότερους θανάτους απο εκείνες του εβραιοπολωνού Αδόλφου Ροτσιλντ. Προφανώς ξεχνούν ότι ολοκαύτωμα είναι Ελληνική λέξη και ότι σημαίνει ότι κάποιος για τις ιδέες του προτάσει το στήθος του και προτρέπει τον άλλον να τον σκοτώσει γιατί δεν σκοπεύει να τις απαρνηθεί. Προφανώς ξεχνούν ότι ενώ κάνουν υποδείξεις σε όλον τον κόσμο, ρατσιστικά,φασιστικά και ψυχασθενικά δεν επιτρέπουν σε κανέναν πρόσφυγα να μεταναστεύσει στο μη αναγνωρισμένο κρατίδιο τους. Προφανώς ξεχνούν ότι είναι νόμος στο φασιστικό,ρατσιστικό και ψυχασθενικό ισραήλ, η σύναψη οποιουδήποτε τύπου σχέσεων με μη εβραίους. Προφανώς ξεχνούν ότι λειτουργούν δημόσιες υπηρεσίες κατάδοσης εβραίων που μπασταρδεύουν το δήθεν καθαρό αίμα των εβραίων και την στάση που πήραν όλοι οι υπάνθρωποι πολιτικοί στο μη αναγνωρισμένο ισραήλ, όταν αποκαλύφθηκε η σχέση του γιού του Νετανιάχου με την Χριστιανή γκόϊμ (ακάθαρτη!)"
0,0.0015965786,Negative,,,,,,Εκει πήγαν οι Τουρκοι για να ανωρθοσουν το ισλαμικο κρατος τα υπολοιπα ειναι ψεμα οπως ωεμα ειναι το προσφυγικό δεν έρχονται προσφυγες στη Ελλαδα αλλα εποικοι και αν συνεχίσουμε ετσι θα χασουμε την πατριδα που με ποταμους αιματος ελευθερωσαν οι πρόγονοι μας SOS Ελληνα ξύπνα σου κλεβουν την πατριδα ο μεγαλητερος κινδυνος για την Ελλαδα ειναι οι Ισλαμιστες που έρχονται σοριδον εδω οι Κουρδοι δεν πρόκειται να πουλησουν την πατριδα τους θα μηνουν να πολεμήσουν αυτοι που θα ερθους θα ειναι ισλαμιστες τα αλλα ειναι προπαγανδα η Ελλαδα κινδυνεύει ποιο πολύ και απο την εποχη που ο ιμπραΐμ σάρωνε την πελοπονησο γιατι τοτε ειχαμε τον Παπαφλεσα των Κολοκοτρονη ενω σημερα μας κυβερνουν δοσιλογοι και προσκηνημενοι
1,0.8060063,Positive,,,,,,Το χειρότερο κράτος στην Ανατολή που πρέπει να εξαφανιστεί από τον χάρτη είναι η Τουρκία
0,0.13848473,Negative,,,,,,το ισλαμ λειτουργει ως οδοστρωτηρας... δν γινεται να ζησουμε με αυτους... εχεις δικαιο...
0,0.21675703,Negative,,,,,,Θεοκρατικος φασισμος σε ολο του το μεγαλειο.Βαζουμε αναχρονισμο και μια γερη δοση σκοταδισμου και το Ισλαμ ειναι ετοιμο.Κακη σας ορεξη!
0,0.0038719433,Negative,,,,,,"αφου η μαλακια της ελλαδας και της ευρωπης με τα ανοιχτα συνορα και τα ανθρωπιλικια, επιασε κοκκινο και ακομα καλα κρατει, τωρα ειναι παρα πολυ αργα κυριε ζαν για να αλλαξει κατι, η κατασταση ειναι μη αναστρεψιμη, θα τους τρωμε μια ζωη στη μαπα , θα μας βριζουν και θα μας φτυνουν τα παιδια μας που επετρεψαν οι δικες μας οι γενιες να τριτοκοσμικοποιηθουν οι πατριδες μας, δεν ειχαμε δικαιωμα αυτο να το κανουμε, ειμαστε υπολογοι και στις παλιοτερες γενιες και στις επομενες"
0,0.24809752,Negative,,,,,,"TI SYZHTAME TWRA ..... TRIZOUN TA KOKALA TOU KOLOKORWNH TOU KARAISKAKH KLP KLP GIA NA MHN PAW PIO PISW STON ARISTOTELH PLATWNA , SWKRATH KAI KOMPANIA ... EKSW ,,,,....... BRE OKSW KAI PISW STO MESAIWNA"
0,0.31472272,Negative,,,,,,"Χίλια μπράβο κύριε Cohen. Δικαίωμα μας να ζούμε με τον τρόπο που μας αρέσει και να πιστεύουμε στις αξίες που αγαπάμε. Ζήτω η ΕΛΕΥΘΕΡΙΑ. Έξω το Ισλάμ από την Ελλάδα, μακριά και στον αγύριστο."
0,0.13557848,Negative,,,,,,the political correct (η βλακεια σε ολη της το μεγαλειο) δειτε τι ακολουθει το .... πολιτικα ορθο (αριστερη εφευρεση) https://www.youtube.com/watch?v=CwGjX1BO790 Δεν μπορει λογικος ανθρωπος να διαβασει το Κορανι και να γινει πιστος....Η βιβλος της μισαλλοδοξιας! Ο χριστιανισμος πχ λεει : οσοι πιστοι προσελθετε ...Οχι με το ζορι ρε αδερφε ...Δεν γουσταρω!
0,0.005776508,Negative,,,,,,"Απορρίπτω την Ευρώπη. Απορρίπτω τον ηθικό της ξεπεσμό. Δεν ενέχομαι να πηγαίνω σε ένα μπαρ και να βλέπω κοριτσάκια 12-13 χρονών να κρατούν στο ένα χέρι το ποτό και στο άλλο χέρι το τσιγάρο, και ο κώλος τους και το στρινγκ να είναι έξω από το παντελόνι. Απορρίπτω την Ευρώπη όπου κοριτσάκια ήδη από την ηλικία των 14-15 έχουν ξεκινήσει τις εκτρώσεις. Απορρίπτω το δικαίωμα κάποιων ανεύθυνων γυναικών στην έκτρωση. Απορρίπτω το δικαίωμα κάποιων πορνών στο να μεταφράζουν τη δολοφονία ενός αγέννητου μωρού δικαίωμα λέγοντας: είναι ατομικό μου δικαίωμα, είναι ένα κομμάτι από το σώμα μου . Απορρίπτω το να έχουν δικαιώματα οι βιαστές, οι δολοφόνοι, οι εγκληματίες, οι παιδεραστές, απορρίπτω το δικαίωμα τους στην ίδια τη ζωή. Απορρίπτω το να έχει γεμίσει κάθε κανάλι και από έναν τοιούτο, απορρίπτω το δικαίωμα τους να κάνουν παρελάσεις υποδηλώνοντας έτσι την υπερηφάνεια τους επειδή βάζουν μια πούτσα στον κώλο τους. Απορρίπτω το δήθεν δικαίωμα τους να υιοθετούν παιδιά. Τα δικαιώματα των παιδιών να εχουν έναν πατέρα και μία μητέρα, έτσι όπως ορίζει η φύση (ο Θεός για μένα), τα σκέφτηκε κανείς; Αλλά ξέχασα, δεν υπάρχει πλέον πατέρας και μητέρα, υπάρχει γονιός α και γονιός β . Ε εγώ λοιπόν ΑΠΟΡΡΊΠΤΩ αυτόν τον ξεπεσμό. Απορρίπτω το δικαίωμα κάποιων να βρίζουν τα θεία, τον Θεό, τον Ιησού, τη μητέρα του, τους Προφήτες κ.α. Απορρίπτω το δικαίωμα ορισμένων που υπό το πρόσχημα της ελεύθερης έκφρασης, βλασφημούν τα θεία. Απορρίπτω τη διάδωση αθεϊστικών ψευτοφιλελέ και αριστεροκουλτουριάρικων ιδεών απλά επειδή έτσι προστάζει η Δημοκρατία . Απορρίπτω το δικαίωμα στη ζωή ενός που μπαίνει σε ένα σπίτι και το ρημάζει, και ο ιδιοκτήτης του σπιτιού δεν έχει το δικαίωμα σκοτώσει τον εισβολέα, ανεξαρτήτως αν ο εισβολέας έχει όπλο ή όχι. Απορρίπτω την ψευτοπρόοδο του να διδάσκουν στο παιδί μου την ύπαρξη δήθεν ενός τρίτου κοινωνικού φύλου ή της ψευτοθεωρία του Δραβίνου. Απορρίπτω και το δικαίωμα των γονέων που δέχονται να διδάσκονται στα παιδιά τους τέτοια πράγματα. Απορρίπτω το δικαίωμα στην ελευθερία των γονιών που αποδέχονται να διδάσκονται τα παιδιά τους τέτοιες ανωμαλίες. Απορρίπτω το δικαίωμα κάποιων να μεθοκοπούν, απλά και μόνο επειδή έτσι γουστάρουν. Απορρίπτω το δικαίωμα στη ζωή κάποιων που σπάνε τράπεζες, δημόσια κτήρια, αυτοκίνητα, καταστρέφουν την περιουσία του κόσμου ή τη Δημόσια περιουσία. Απορρίπτω την κατάσταση όπου κάποιος πετάει μια μολότοφ και η αστυνομία ρίχνει στον αέρα αντί να του ρίξει του αλήτη μια σφαίρα στο κεφάλι. Αυτές είναι οι αξίες σας. Πάρτε αυτές τις αξίες και βάλτε τις στον κ@@ο σας. Σας τις χαρίζω."
0,0.19878946,Negative,,,,,,Ωραία πάω να φάω χειρινό προς τιμή του ψεύτικου Θεού τους Αλλάχ
1,0.6338224,Positive,,,,,,Η γιορτή του αντίχριστου και των παιδεραστών ονόματι μουσουλμάνων
0,0.36916688,Negative,,,,,,"Χάσαμε Μακεδονία, η Αλβανία μας σέρνει Χάγη δημογραφικά πεθαίνουμε γεμιζει η χωρα με λαθρομετανάστες και οι Έλληνες επιμένουν να στηρίζουν @neademokratia που απλά παρακολουθει το χάος που έρχεται! ΚΡΙΜΑ! @ellinikilisi https://t.co/uwhYLZ6KOQ"
0,0.009441398,Negative,,,,,,#ασυνόδευτα #ΑΠΕΛΑΣΗ #ΑΠΕΛΑΣΗ_ΤΩΡΑ #ΑΠΕΛΑΣΕΙΣ #Πρώτα_η_Ελλάδα #Πρώτα_οι_Έλληνες #λαθρομετανάστες #λαθρομεταναστευτικό #λαθρο #αντικατάσταση_πληθυσμού #δημογραφική_αλλοίωση #μεταναστευτικό #δολοφονία
0,0.12824336,Negative,,,,,,@leftgr Μπράβο...πίσω στα μπουρδέλα τους οι λαθρομετανάστες
0,0.16332476,Negative,,,,,,@Iasonas_Apost Μπράβο στο λιμενικό..πίσω οι λαθρομετανάστες
0,0.12824336,Negative,,,,,,@Urfurslaag Πίσω οι στα μπουρδέλα τους οι λαθρομετανάστες και συ μαζί.
0,0.07561321,Negative,,,,,,"@kostasbarkas @nhardalias Βρε γελοιε φαλακρομπουλη κάθε μέρα στην Θεσσαλονίκη είχαμε πορεία... Μια για την λουλου, μια για τους λαθρομετανάστες κλπ... Όλα τα παρταλια που στηρίζετε... ΠΕΤΑΜΕΝΕ ΜΑΛΑΚΑ"
0,0.0748882,Negative,,,,,,"Από τα 1259 κρούσματα πόσοι είναι λαθρομετανάστες που τους αφήνετε να γυρίζουν μπουλούκια στις πλατείες , στους δρόμους παντού, και να σκορπάνε τον ιό χέζοντας και να κατουράνε τα πάντα στο διάβα τους. Απορώ τι φοβάστε ???"
0,0.1370965,Negative,,,,,,Εαν παρελάσουν οι Πακιστανοί λαθρομετανάστες θα φυλακιστούν? Ερώτηση στα Λαμόγια που πήραν αυτά τα μέτρα.
0,0.08412125,Negative,,,,,,#ΣΥΡΙΖΑ_ξεφτιλες #μορια #μεταναστευτικό Τι έγινε ρε αριστερά κοπρόσκυλα με τον θάνατο 2 ηλικιωμένων στα Χανιά.Αυτοί δεν έχουν ψυχή ή μήπως το βουλωνετε επειδή ειναι από το Μπαγκλαντές ο φονιάς;
0,0.02049394,Negative,,,,,,@makednos34 @NorthEpirus @bogdanosk @orguel1984 Η κυβέρνηση της ΝΔ συνεχίζει το εγκληματικό έργο των συριζοφασιστων στην λαθρομετανάστευση μεταφέροντας λαθρομετανάστες στην ενδοχώρα ερήμην των Ελλήνων πολιτών εξασφαλίζοντας τους υπηκοότητα επιδόματα δωρεάν σίτιση ιατροφαρμακευτικη περιθαλψη στέγαση σε βάρος των Ελλήνων πολιτών https://t.co/bkmfbnRUk5
0,0.02049394,Negative,,,,,,@orguel1984 @makednos34 @NorthEpirus @bogdanosk Η κυβέρνηση της ΝΔ συνεχίζει το εγκληματικό έργο των συριζοφασιστων στην λαθρομετανάστευση μεταφέροντας λαθρομετανάστες στην ενδοχώρα ερήμην των Ελλήνων πολιτών εξασφαλίζοντας τους υπηκοότητα επιδόματα δωρεάν σίτιση ιατροφαρμακευτικη περιθαλψη στέγαση σε βάρος των Ελλήνων πολιτών https://t.co/llqNXw4w9T
0,0.07192527,Negative,,,,,,"@orguel1984 @makednos34 @NorthEpirus @bogdanosk Δυστυχώς η ΝΔ συνεχίζει πολιτική της λαθρομετανάστευσης, μεταφέροντας παράνομα δεκάδες χιλιάδες λαθρομετανάστες στην ενδοχώρα ερήμην των τοπικών κοινωνιών και του ελληνικού λαού Παρανόμως τους χορηγεί υπηκοότητα και επιβάλει στους Έλληνες βίαια να συνυπάρξουν με λαθρομετανάστες"
0,0.10728419,Negative,,,,,,@NourisNicos @emilyyiolitis @Cyprus_Police Οι λαθρομετανάστες εχουν ασυλία. Το δικό μας παιδί εκατεβασε μια σημαία του ψευδοκρατους και τον βαλατε να απολογηθεί στον Ακκιντζϊ. Αίσχος ρε ΔΟΥΛΟΙ. Εξω απο την κυβέρνηση
0,0.066993564,Negative,,,,,,@bogdanosk Ελα βρε σοβαρά....Γέμισαν και γεμίζουν την Ελλάδα με λαθρομετανάστες και μας πουλάνε πατριωτικά παπατζιλικη @AdonisGeorgiadi @nmitarakis @grigoris_d @bogdanosk
0,0.08299098,Negative,,,,,,"@orguel1984 @NorthEpirus @bogdanosk ΣΥΝΕΧΙΖΟΥΝ ΑΚΑΘΕΚΤΟΙ ΤΟ ΜΠΟΛΙΑΣΜΑ!Μέσα σε λίγους μήνες «φύτεψαν» 4.199 #λαθρομετανάστες μόνο στο 6ο διαμέρισμα του δήμου Αθηναίων, μέσω του προγράμματος #ESTIA!Θέλουν να τελειώσουν την Ελλάδα! https://t.co/61hglhYnun"
0,0.22926356,Negative,,,,,,@bogdanosk @MakeMyDayPunk_ Κάτι είπες για προκλητικές μοτοπορίες... https://t.co/yQxLOsccA0
0,0.032824315,Negative,,,,,,"@nikosarantakos Το ότι η χωρα ήταν ένα ξέφραγο αμπέλι που ο καθένας έμπαινε και έβγαινε χωρίς έλεγχο, που όλοι, τζιχαντιστες και διάφοροι οικονομικοί λαθρομετανάστες βαφτιζονταν μετανάστες, που οι ΜΚΟ έκαναν business και κατασκοπία χωρίς να τους πειράζει κανεις το λέμε κανονικότητα, ε;"
0,0.012032232,Negative,,,,,,"Όταν έρχονται μουσουλμάνοι λαθρομετανάστες να τους υποδεχόμαστε δείχνοντας τις σόλες από τα παπούτσια κ να τους κερνάμε χοιρινό, μπας κ μαθευτεί κ σταματήσουν να έρχονται."
0,0.101414144,Negative,,,,,,@AthanDim @stylian0s Γιατί τους βαφτίζουν μετανάστες το κέρατο τους μέσα... Τους τσεκαρε κάνεις και βγήκαν μετανάστες; Παράνομοι εισβολείς είναι που παραβίασαν σύνορα χώρας. Λαθρομετανάστες είναι. Και ούτε προσφυγοπουλα ούτε ανήλικα ούτε κατατρεγμένοι από πολέμους!!! Έλεος πια
0,0.10936263,Negative,,,,,,Εκεί δεν κολλάει ο ιός γιατί είναι όλοι τους άρρωστοι.Τους έβγαλαν από τις φυλακές και γλύτωσαν οι χώρες τους.Δείτε με τι θράσος απαιτούν ενώ δεν έχουν προσφέρει τίποτα.Τι τους έταξαν.Θα μάθουμε τα ήθη και έθιμα τους.Εμείς θα πάμε με αυτούς και όχι αυτοί με μας.Μας προδωσαν ΞΥΠΝΑ
0,0.05044742,Negative,,,,,,@AdonisGeorgiadi Γέμισαν και γεμίζουν την Ελλάδα με λαθρομετανάστες και μας πουλάνε πατριωτικά παπατζιλικη @AdonisGeorgiadi @nmitarakis @grigoris_d @bogdanosk
1,0.8602521,Positive,,,,,,@EAdamopoulou @MaryTzaki Να εύχεσαι κοπελιά να μην μπει ο Ερντογάν σε αυτό το μπουρδελο που το λετε ελλαδα και πάρεις τα παιδιά για μετανάστευση με τά πόδια
1,0.63748384,Positive,,,,,,Ζητω η Ινδια και να πανεν α γαμηθουν οι λαθροπακιστανοι
0,0.1870585,Negative,,,,,,Ο παρολίγο βιαστής είναι πρώην φυλακισμένος Γιατί δεν απελάθηκε ? Έχει άδεια παραμονής ή άσυλο ? Οι τοπικές κοινωνίες γιατί χρησιμοποιούν λαθρομετανάστες αλλοιώνοντας τον ήδη μικρό Ελληνικό πληθυσμό ? Το κοινωνικό κόστος είναι μεγαλύτερο από τα οφέλη... https://t.co/hwaRbuJKLH https://t.co/HE3JjiIe98
0,0.027606413,Negative,,,,,,"Ελληνικο αιμα ρεει αφθονο απο εισαγομενους λαθρομετανάστες @nmitarakis @AdonisGeorgiadi @bogdanosk @AnnaAsimakopoul χερια βαμενα με Ελληνικο αιμα γνωστοι τοις πασι, Επιτροπες Ασυλου,ΜΚΟ ανθρωπιστες αλληλεγγυοι Ποιος θα να ειναι ο επομενος; -https://t.co/IgTu1xAnY8"
0,0.0797889,Negative,,,,,,@INVICTU49276943 @machiavelli_gr @STsiodras Το μόνο μέτρο που πρέπει να πάρει είναι να απελασει τους λαθρομετανάστες και λύνει το πρόβλημα
0,0.1684352,Negative,,,,,,@Dora_Bakoyannis Πριν από 80 χρόνια ρηξαμε στην θάλασσα τόν εχθρό και τώρα με αυτήν την πιο μεγάλη επιδημία θα χάσουν τα σπίτια η Έλληνες για να έρθουν η Λαθρομετανάστες να τα πάρουν αυτή είναι η Ελλάδα
0,0.057575956,Negative,,,,,,"Γεμίζουν την Ελλάδα με λαθρομετανάστες,καταργούν εθνικές εορτές με την απειλή φυλάκισης και μας πουλάνε πατριωτικά παπατζιλικια ,σημερα γιορτάζουν ΚομΜουνιστες και λαθρομετανάστες @AdonisGeorgiadi @nmitarakis @grigoris_d @bogdanosk συγχαρητήρια https://t.co/V4FTFnwrYE"
0,0.04070382,Negative,,,,,,Οι ανθέλληνες απαγόρευσαν στους Έλληνες να παρελάσουν #ΝΔ @K_Hatzidakis @chrisochoidis @AdonisGeorgiadi @PrimeministerGR @bogdanosk @grigoris_d @nmitarakis @nkerameus @kyranakis @Dora_Bakoyannis @AnnaAsimakopoul Σήμερα γιορτάζουν οι ΚομΜουνιστες και λαθρομετανάστες https://t.co/RAK6a5X3py
0,0.049873997,Negative,,,,,,Στο Μπανανιστάν πρώτα η ίδια η πολιτεία φρόντισε να κάνει τις Θερμοπύλες χοτ σποτ για ισλαμιστές και να τις απαξιώσει και φυσικά και από δίπλα οι εγχώριοι μπολσεβίκοι βανδαλίζουν το άγαλμα του μεγάλου Βασιλιά Λεωνίδα όποτε βρουν ευκαιρία https://t.co/sgOgRn62aK
0,0.057575956,Negative,,,,,,"Γεμίζουν την Ελλάδα με λαθρομετανάστες,καταργούν εθνικές εορτές με την απειλή φυλάκισης και μας πουλάνε πατριωτικά παπατζιλικια ,σημερα γιορτάζουν ΚομΜουνιστες και λαθρομετανάστες @AdonisGeorgiadi @nmitarakis @grigoris_d @bogdanosk συγχαρητήρια https://t.co/TRnRXy2sfV"
0,0.45564517,Negative,,,,,,#απελαση_τωρα
1,0.7725868,Positive,,,,,,Δεν περνάει κανεις λεμε
0,0.06669265,Negative,,,,,,"Λέσβος #28ηΟκτωβριου 2020: Απειλές στους Έλληνες για τη συγκέντρωση... απαγόρευση για πορεία, πρόστιμα για μάσκες... και οι #λαθρομετανάστες ανενόχλητοι κάνουν ΟΤΙ θέλουν! Δεν μας αξίζει αυτή η Ελλάδα... #ΥΠΑΡΧΕΙΛΥΣΗ @ellinikilisi @velopky https://t.co/KLxohH5Hmf"
0,0.057575956,Negative,,,,,,"@bogdanosk Γεμίζουν την Ελλάδα με λαθρομετανάστες,καταργούν εθνικές εορτές με την απειλή φυλάκισης και μας πουλάνε πατριωτικά παπατζιλικια ,σημερα γιορτάζουν ΚομΜουνιστες και λαθρομετανάστες @AdonisGeorgiadi @nmitarakis @grigoris_d @bogdanosk συγχαρητήρια https://t.co/V4FTFnwrYE"
0,0.03796688,Negative,,,,,,"@grigoris_d Γεμίζουν την Ελλάδα με λαθρομετανάστες,καταργούν εθνικές εορτές με την απειλή φυλάκισης και μας πουλάνε πατριωτικά παπατζιλικια ,σημερα γιορτάζουν ΚομΜουνιστες και λαθρομετανάστες @AdonisGeorgiadi @nmitarakis @grigoris_d @grigoris_d @bogdanosk https://t.co/V4FTFnwrYE"
0,0.0616554,Negative,,,,,,"Λέσβος 28η Οκτωβρίου 2020: Πρωτόγνωρες εικόνες την ημέρα της Εθνικής μας Επετείου - Απαγορεύουν παρελάσεις ,επιβάλλουν πρόστιμα ακόμα και με ποινή φυλάκισης την στιγμή που οι λαθρομετανάστες κάνουν ανενόχλητοι ότι θέλουν...@velopky https://t.co/cpabpbaAT0"
0,0.031652413,Negative,,,,,,"Λέσβος 28η Οκτωβρίου 2020: Πρωτόγνωρες εικόνες την ημέρα της Εθνικής μας Επετείου - Απαγορεύουν παρελάσεις ,επιβάλλουν πρόστιμα ακόμα και με ποινή φυλάκισης την στιγμή που οι λαθρομετανάστες κάνουν ανενόχλητοι ότι θέλουν. https://t.co/R1iS7GYqbc Ανθέλληνες @bogdanosk"
0,0.08241346,Negative,,,,,,@thanosplevris Κομπλεξικοί δυστυχώς είναι όλοι οι βουλευτές αριστεροί και δεξιοί σε ότι αφορά την Ελλάδα. Αλλιώς δεν θα δεχόσασταν αυτά που γίνονται με τους λαθρομετανάστες που έχουν γεμίσει την χώρα. Στο να συνεχίζουν να παίρνουν την αποζημίωση είστε ικανοί να πουλήσετε και τη μάνα σας
0,0.0616554,Negative,,,,,,"@AdonisGeorgiadi @MegaTvOfficial @NikosEvagelatos Λέσβος 28η Οκτωβρίου 2020: Πρωτόγνωρες εικόνες την ημέρα της Εθνικής μας Επετείου - Απαγορεύουν παρελάσεις ,επιβάλλουν πρόστιμα ακόμα και με ποινή φυλάκισης την στιγμή που οι λαθρομετανάστες κάνουν ανενόχλητοι ότι θέλουν...@velopky https://t.co/R1iS7GYqbc"
0,0.019817512,Negative,,,,,,@EU_Social Στο προτεκτοράτο της Γερμανίας τίποτα δεν πρόκειται να αλλάξει εκτός από την σταδιακή αλλά επιταχυνόμενη αντικατάσταση των Ελλήνων με λαθρομετανάστες οι οποίοι θα κατεβάσουν περαιτέρω τα ημερομίσθια.
0,0.055834714,Negative,,,,,,Στους αριστερούς κ στους λαθρομετανάστες όταν κάνουν συγκεντρώσεις κ πορείες δεν κολλάει ο ιός Μόνο όπου υπάρχουν Ελληνικές σημαίες
0,0.16929533,Negative,,,,,,@machiavelli_gr Το μόνο μέτρο που μπορεί να αντιμετωπίσει την κατάσταση είναι να απελαθούν οι λαθρομετανάστες που είναι η αιτία διασποράς του ιού και οι υπόλοιποι να αφεθούμε να κάνουμε τα πάντα με προσοχή όπως και κάνουμε
0,0.045717895,Negative,,,,,,"@PrimeministerGR @nmitarakis @chrisochoidis Το σκέφτομαι σοβαρά να το παίξω πρόσφυγας όπως &amp; οι άλλοι. Καλή μπιζνα. ΔΩΡΕΑΝ μαμ,σκατά &amp; νάνι. ΕΛΕΥΘΕΡΙΑ να κάνεις ότι γουστάρεις Κι εγώ αν ήμουν από το Ιράκ στην υγειά του κορόιδου θα έπινα. #Απελαση_Τωρα Ακόμα εδώ τους κρατάτε;"
0,0.08652166,Negative,,,,,,@AdonisGeorgiadi Είσαι ένας Καραγκιόζης μπλε συριζαιος. Ξέρεις πολύ καλά ότι η αιτία της διασποράς είναι οι λαθρομετανάστες άρα απολύτως υπεύθυνος είσαι εσύ και η κυβέρνηση. Αποκλειστικα υπεύθυνοι πλέον για όλα είστε εσείς οι μπλε ζαιοι
0,0.2220459,Negative,,,,,,@AdonisGeorgiadi Εσύ είσαι ο ανεύθυνος και οι λαθρομετανάστες στου που δεν τηρούν ούτε ένα μέτρο αλλά δεν τους αγγίζει κανείς
0,0.1132183,Negative,,,,,,"Η μεγάλη διαφορά, οι Αρμένιοι μεταναστευουν πίσω στην χώρα τους για να την υπερασπιστούν Δεν φεύγουν, δεν εγκαταλείπουν όπως οι δήθεν πρόσφυγες ισλαμιστές #Artsakh #Armenian #StopErdogan #StandWithArmenia"
0,0.07072628,Negative,,,,,,@ybalafas Ρε μουστάκια εσύ να το ρισκάρεις δεν είπες με την Τουρκία ? Μιλάς για πλιάτσικο ρε και αφήσατε λαθρομετανάστες και Τούρκους να βάλουν χέρι στην Ελλάδα..... τρωκτικό με μουστάκι
0,0.072735205,Negative,,,,,,@AdonisGeorgiadi Βγάλε τον σκασμό ηλιθιε 20000 αναρχοαπλυτοι στο Εφετείο Χιλιάδες λαθρομετανάστες χωρίς έλεγχο Και έχετε θράσος να μιλάτε κιόλας
0,0.034464132,Negative,,,,,,@b05lh6mB88U3QpR @AdonisGeorgiadi 20000 αναρχοαπλυτοι στο Εφετείο Χιλιάδες λαθρομετανάστες χωρίς έλεγχο Σου έφταιξαν οι παπάδες βλακα
0,0.04447834,Negative,,,,,,@St3llaEntelos @JULIA_MANI @AdonisGeorgiadi 20000 αναρχοαπλυτοι στο Εφετείο Χιλιάδες λαθρομετανάστες χωρίς έλεγχο Και σου έφταιξαν τα αντιδωρα βλακα
0,0.053470813,Negative,,,,,,@Adorodokhtos @AdonisGeorgiadi @gmourout 20000 αναρχοαπλυτοι στο Εφετείο Χιλιάδες λαθρομετανάστες χωρίς έλεγχο Σου έφταιξε μόνο η Εκκλησία βλακα
0,0.066058174,Negative,,,,,,"@ai_katerina Γιατί μαζεύονται οι μαλακες έξω από το εφετείο, γιατί οι λαθρομετανάστες στον πούτσο τους, γιατί κάθε μέρα πορείες χωρίς λόγο, γιατί οι φοιτητές στα αχαμνα τους, γιατί δεν γράφετε για τους ιμάμηδες; ....."
0,0.02049394,Negative,,,,,,@nmitarakis Η κυβέρνηση της ΝΔ συνεχίζει το εγκληματικό έργο των συριζοφασιστων στην λαθρομετανάστευση μεταφέροντας λαθρομετανάστες στην ενδοχώρα ερήμην των Ελλήνων πολιτών εξασφαλίζοντας τους υπηκοότητα επιδόματα δωρεάν σίτιση ιατροφαρμακευτικη περιθαλψη στέγαση σε βάρος των Ελλήνων πολιτών https://t.co/uZVnYC5Yj2
0,0.11520198,Negative,,,,,,"@AthanDim Αυτά που λέει είναι σκόπιμα και μελετημένα. Το ψοφίμι που λέγεται αριστερά, ελληνική κι ευρωπαϊκή, βλέπει στους λαθρομετανάστες την πολιτική της ανάσταση. Είναι το νέο προλεταριάτο . Επιθυμούν την κατάρρευση της ευρωπαϊκής ταυτότητας."
0,0.04538534,Negative,,,,,,Μουσουλμάνος λαθρομετανάστης σκότωσε 2 αθώους πολίτες Προστατέψτε τις οικογένειες σας. Ήρθαν να μας σκοτώσουν οι μετανάστες οι πρόσφυγες. Όλα τα αληταρια. Προστατέψτε τα παιδια σας Καμία ανοχή. Απλά μας δοκιμάζουν και οργανώνονται.
0,0.15705428,Negative,,,,,,@nmitarakis Δεν είναι πρόσφυγες. Είναι παράνομοι μετανάστες ή κοινώς λαθρομετανάστες
0,0.38544232,Negative,,,,,,@bogdanosk @appistol Οι λαθρομετανάστες είναι το πρόβλημα. Είναι παράνομοι και έχουν έρθει επειδή ξέρουν ότι μπορούν να λαμβάνουν ανέσεις μόνο και μόνο επειδή το παίζουν πρόσφυγες. Όταν αρχίσουν και εδώ οι αποκεφαλισμοι τι θα κάνετε ; Ήδη έχουν αρχίσει δηλαδή (πρόσφατα οι δύο ηλικιωμένοι).
0,0.015046036,Negative,,,,,,@euronewsgr Η Ευρώπη είναι Χριστιανική και οφείλουν όσοι ήρθαν ειδικά οι απρόσκλητοι λαθρομετανάστες να σεβαστούν την κουλτούρα μας. Αν δεν τους αρέσει ας γυρίσουν στις πατρίδες τους και να μας αφήσουν στην ησυχία μας . Καμία ανοχή στον ισλαμοφασισμό και μπράβο στον Μακρόν !
1,0.70315397,Positive,,,,,,"Ο Ερντογάν, εργαλειοποιώντας λαθρομετανάστες που τους ονόμασε πρόσφυγες ή πρόσφυγες που δημιούργησε εκείνος από την εισβολή του στη Συρία, αφού απέσπασε τεράστια ποσά από την Ευρώπη, τώρα τους χρησιμοποιεί ως στρατό, εντός της Ευρώπης."
1,0.81326294,Positive,,,,,,"@GreeceMFA @FranceenGrece Συλληπητήρια και λόγια δεν λένε τίποτα. Κλείσιμο συνόρων και απελάσεις , έχουμε ήδη κόσμο που δεν πρέπει να είναι εδώ και ομάδες που δεν θα ενταχθούν ποτέ (Ρομά)."
0,0.06042408,Negative,,,,,,"@sofenia Λαθρομετανάστες είναι που ήρθαν με κοβιντ να μας κολλήσουν και να μας εξολοθρεύσουν. Μάλιστα έχουν έναν ειδικά μεταλλαγμένο κοβιντ που μεταδίδεται και στο ελληνικό ντιενέι. Ο Κικίλιας με τον Τσιόδρα όμως θα μας σώσουν, θα δώσουν και άλλα λεφτά στα ΜΜΕ και θα τον διώξουν τον ιό."
0,0.2053914,Negative,,,,,,"@PolykarpouD @APOLLONOFFICIAL @emilyyiolitis Και πάλι εθελοτυφλείς Οι ακροαριστεροι κουκουλοφοροι έδειξαν από την αρχή τις προθέσεις τους για επεισόδια, ενώ ανάμεσα στους συλληφθέντες ήταν και αιτητές ασύλου. Τρέξε τώρα να υπερασπιστείς τους λαθρομετανάστες που βρίσκονται υπό κράτηση...."
0,0.08910219,Negative,,,,,,@aektzougiapanta @vickyfnd @govgr Πυροβολείτε τους μουσουλμάνους λαθρομετανάστες εν ψυχρώ
0,0.08840257,Negative,,,,,,@PrimeministerGR Αφήστε τις προστασίες στον κύριο @STsiodras κυριε πρωθυπουργέ κ επιτέλους μαζέψτε τους λαθρομετανάστες που κανουν πάρτι στη Αθήνα γεμάτοι κορονοϊό! Κ διορθώστε τις συγκοινωνίες! Ακομα περιμένουνε τα έξτρα λεωφορεία να μπουν στις διαδρομές! Σα σαρδέλες ειναι ολοι στα ΜΜΜ!
0,0.17270339,Negative,,,,,,"@nmitarakis Τους φέρνετε μέσα για να τους στείλετε στην Ευρώπη ,αυτό ομως δεν αποθαρρύνει, αντιθέτως είναι δέλεαρ για να συνεχίσουν να έρχονται με την ελπίδα να βρεθούν γρήγορα σε χώρες της ένωσης ! Βγάζουμε τα μάτια μας με την μετανάστευση εχθρικά διακείμενων λαών προς τον πολιτισμό μας ..."
1,0.68195295,Positive,,,,,,"@machiavelli_gr @Phaedrus_L Μόνο με μεγάλη εκκαθάριση θα γλιτώσουμε. Μαζικές απελάσεις, κλείσιμο τζαμιών, στοπ σε μετανάστευση μουσουλμάνων. Όσο είναι λίγοι τους κάνουμε κουμάντο, στο μέλλον όμως που θα είναι πολλοί;"
0,0.083456375,Negative,,,,,,"@bogdanosk @appistol Οι λαθρομετανάστες είναι Το Μεγαλύτερο πρόβλημα της Ευρώπης, σύμπτωμα της αποτυχίας του Ευρωπαϊκού πειράματος που λέγεται ΕΕ, και στρατός κατοχής του διεφθαρμένου Διευθυντήριου που την διοικεί"
0,0.021330833,Negative,,,,,,Περιμένω @KyriakosMitsota @PrimeministerGR μια κουβέντα σας κατά του ισλάμ !!! Μια κουβέντα που να δηλώνει ότι δεν πάει άλλο με τους λαθρομετανάστες μετά τα τόσα εγκλήματα που διαπράττουν!! Περιμένω να νοιώσω ΑΣΦΑΛΗΣ στη χώρα μου!!! Περιμένω!!!
1,0.58478165,Positive,,,,,,Ο Ευρωπαϊκός νόμος για το μεταναστευτικό πρέπει να καταργηθεί χθες και να κηρυχθεί παράνομη κάθε προσπάθεια εισόδου στη Ένωση χωρίς άδεια. Μαζική απέλαση όλων των μεταναστών που βρίσκονται στην ένωση ακόμη και αυτών που απέκτησαν άδεια παραμονής ως ...πρόσφυγες. 1/2 #France
0,0.055197716,Negative,,,,,,Γατουλι ούτε ίχνος από ΛΑΘΡΟΣΚΑΤΑ δεν έχει θέση στη χώρα μας μας έχουν επιβάλλει την βρώμικη παρουσία τους οι ΣΩΤΗΡΕΣ ΠΟΥ ΜΑΣ ΕΧΟΥΝ ΞΕΠΟΥΛΗΣΕΙ !
0,0.02544217,Negative,,,,,,"Μας #ΦΙΜΩΝΟΥΝ μέσω lockdown, την ώρα που λαθρομετανάστες κυκλοφορούν ανεξέλεγκτοι, έναν Εορτογαν πιο απειλητικό από ποτέ, νομοσχέδια παίρνουν και δίνουν και η κοινωνία μέσα στην αβεβαιότητα για το ΑΥΡΙΟ. Αν δεν μπορεί η κυβέρνηση να ηγηθεί ας αποσυρθεί. @velopky @ellinikilisi"
